idx,S1,S2,ntaxa_S1,ntaxa_S2,bl_S1_b,bl_S2_b,maxBL_S1_b,maxBL_S2_b,cumBL_S1,cumBL_S2,bl_S1_a,bl_S2_a,maxBL_S1_a,maxBL_S2_a,ll_rearrs,ll_orig,ntaxa,tbl,maxBL,target
0,Sp003,N5,1,3,0.756963,0.170356,0.0,1.49672,0.0,4.289477,0.750221,0.169878,0.0,1.48483,-9312.359245,-9312.42292,7,10.263628,3.464,-6.837640488222137e-06
1,Sp001,N5,1,3,0.711966,0.170356,0.0,1.49672,0.0,4.289477,0.708335,0.170513,0.0,1.474804,-9312.577694,-9312.42292,7,10.263628,3.464,1.6620164411382244e-05
2,Sp006,Sp000,1,1,1.49672,1.43982,0.0,0.0,0.0,0.0,1.725434,1.348218,0.0,0.0,-9318.015909,-9312.42292,7,10.263628,3.464,0.0006005943939666833
3,Sp005,Sp000,1,1,0.868375,1.43982,0.0,0.0,0.0,0.0,1.158604,1.395418,0.0,0.0,-9318.251412,-9312.42292,7,10.263628,3.464,0.0006258835160375997
4,N8,N4,2,2,0.484562,0.091427,1.49672,0.756963,2.365095,1.4689290000000002,0.55471,0.044013,1.486073,0.757144,-9311.840517,-9312.42292,7,10.263628,3.464,-6.254043711325993e-05
5,Sp000,N4,1,2,1.43982,0.091427,0.0,0.756963,0.0,1.4689290000000002,1.576022,0.103238,0.0,0.755292,-9313.296834,-9312.42292,7,10.263628,3.464,9.384389084423004e-05
6,N4,Sp004,2,1,0.091427,3.464,0.756963,0.0,1.4689290000000002,0.0,0.107555,3.677345,0.752885,0.0,-9314.480379,-9312.42292,7,10.263628,3.464,0.00022093702333695698
7,N5,Sp004,3,1,0.170356,3.464,1.49672,0.0,4.289477,0.0,0.173073,3.676253,1.497791,0.0,-9314.480571,-9312.42292,7,10.263628,3.464,0.00022095764095722236
