idx,S1,S2,ntaxa_S1,ntaxa_S2,bl_S1_b,bl_S2_b,maxBL_S1_b,maxBL_S2_b,cumBL_S1,cumBL_S2,bl_S1_a,bl_S2_a,maxBL_S1_a,maxBL_S2_a,ll_rearrs,ll_orig,ntaxa,tbl,maxBL,target
46,Sp026,Sp028,1,1,1e-08,1e-08,0.0,0.0,0.0,0.0,1e-06,0.000998,0.0,0.0,-2130.643654,-2123.58779,37,0.2225935199999998,0.210336,0.003322614696329521
47,Sp004,Sp028,1,1,1e-08,1e-08,0.0,0.0,0.0,0.0,1e-06,0.000998,0.0,0.0,-2130.643654,-2123.58779,37,0.2225935199999998,0.210336,0.003322614696329521
48,Sp028,Sp002,1,1,1e-08,0.00099764,0.0,0.0,0.0,0.0,1e-06,0.001997,0.0,0.0,-2129.514468,-2123.58779,37,0.2225935199999998,0.210336,0.00279087967443993
49,N27,Sp002,2,1,0.00099705,0.00099764,1e-08,0.0,2e-08,0.0,0.000998,0.001997,1e-06,0.0,-2129.514468,-2123.58779,37,0.2225935199999998,0.210336,0.00279087967443993
50,N22,N18,3,24,0.00099766,6e-08,0.00099705,0.00101439,0.00099708,0.002012769999999999,0.001997,1e-06,0.000997,0.001015,-2129.269085,-2123.58779,37,0.2225935199999998,0.210336,0.0026753285297425183
51,Sp002,N18,1,24,0.00099764,6e-08,0.0,0.00101439,0.0,0.002012769999999999,0.001997,1e-06,0.0,0.001015,-2129.269085,-2123.58779,37,0.2225935199999998,0.210336,0.0026753285297425183
66,N4,Sp001,34,1,1.2e-07,0.00248972,0.00101439,0.0,0.006999829999999998,0.0,1e-06,0.218257,0.001053,0.0,-2607.435374,-2123.58779,37,0.2225935199999998,0.210336,0.22784439912418222
67,Sp032,Sp001,1,1,1e-08,0.00248972,0.0,0.0,0.0,0.0,1e-06,0.218257,0.0,0.0,-2607.435352,-2123.58779,37,0.2225935199999998,0.210336,0.22784438876435614
