idx,S1,S2,ntaxa_S1,ntaxa_S2,bl_S1_b,bl_S2_b,maxBL_S1_b,maxBL_S2_b,cumBL_S1,cumBL_S2,bl_S1_a,bl_S2_a,maxBL_S1_a,maxBL_S2_a,ll_rearrs,ll_orig,ntaxa,tbl,maxBL,target
8,N12,Sp000,5,1,1e-08,0.0187953,1e-08,0.0,7.999999999999999e-08,0.0,1e-06,0.030051,1e-06,0.0,-1092.589147,-1072.69622,13,0.05406507000000002,0.0187953,0.018544790807596835
9,Sp008,Sp000,1,1,1e-08,0.0187953,0.0,0.0,0.0,0.0,1e-06,0.030051,0.0,0.0,-1092.589147,-1072.69622,13,0.05406507000000002,0.0187953,0.018544790807596835
10,N8,N7,6,3,0.0109211,0.00920468,1e-08,1e-08,9.999999999999998e-08,4e-08,0.014962,0.010218,1e-06,1e-06,-1078.941977,-1072.69622,13,0.05406507000000002,0.0187953,0.005822484393577813
11,Sp000,N7,1,3,0.0187953,0.00920468,0.0,1e-08,0.0,4e-08,0.02075,0.008963,0.0,1e-06,-1075.532297,-1072.69622,13,0.05406507000000002,0.0187953,0.0026438771267413732
14,Sp011,N6,1,7,1e-08,0.00478601,0.0,0.0187953,0.0,0.0297165,1e-06,0.013192,0.0,0.020003,-1091.90382,-1072.69622,13,0.05406507000000002,0.0187953,0.0179059081610262
15,N11,N6,2,7,1e-08,0.00478601,1e-08,0.0187953,2e-08,0.0297165,1e-06,0.013192,1e-06,0.020003,-1091.90382,-1072.69622,13,0.05406507000000002,0.0187953,0.0179059081610262
16,N6,Sp012,7,1,0.00478601,1e-08,0.0187953,0.0,0.0297165,0.0,0.013161,1e-06,0.016632,0.0,-1092.342148,-1072.69622,13,0.05406507000000002,0.0187953,0.018314530837071387
17,N7,Sp012,3,1,0.00920468,1e-08,1e-08,0.0,4e-08,0.0,0.019748,1e-06,1e-06,0.0,-1092.342148,-1072.69622,13,0.05406507000000002,0.0187953,0.018314530837071387
