idx,S1,S2,ntaxa_S1,ntaxa_S2,bl_S1_b,bl_S2_b,maxBL_S1_b,maxBL_S2_b,cumBL_S1,cumBL_S2,bl_S1_a,bl_S2_a,maxBL_S1_a,maxBL_S2_a,ll_rearrs,ll_orig,ntaxa,tbl,maxBL,target
0,Sp005,N9,1,2,0.00082343,0.00082347,0.0,1.2e-07,0.0,1.3e-07,0.000824,0.001649,0.0,1e-06,-1758.523518,-1751.51901,8,0.013239179999999998,0.00415226,0.003999104754221302
1,Sp004,N9,1,2,1e-08,0.00082347,0.0,1.2e-07,0.0,1.3e-07,1e-06,0.001649,0.0,1e-06,-1758.523518,-1751.51901,8,0.013239179999999998,0.00415226,0.003999104754221302
2,Sp007,N8,1,2,1e-08,0.00082347,0.0,0.00082343,0.0,0.00082344,1e-06,0.001649,0.0,0.000824,-1758.52375,-1751.51901,8,0.013239179999999998,0.00415226,0.003999237210676967
3,Sp006,N8,1,2,1.2e-07,0.00082347,0.0,0.00082343,0.0,0.00082344,1e-06,0.001649,0.0,0.000824,-1758.52375,-1751.51901,8,0.013239179999999998,0.00415226,0.003999237210676967
8,N4,Sp001,5,1,6e-08,0.00248141,0.00082348,0.0,0.0032940400000000002,0.0,1e-06,0.005811,0.000824,0.0,-1768.369816,-1751.51901,8,0.013239179999999998,0.00415226,0.00962068119374846
9,Sp003,Sp001,1,1,1e-08,0.00248141,0.0,0.0,0.0,0.0,1e-06,0.005811,0.0,0.0,-1768.369816,-1751.51901,8,0.013239179999999998,0.00415226,0.00962068119374846
