idx,S1,S2,ntaxa_S1,ntaxa_S2,bl_S1_b,bl_S2_b,maxBL_S1_b,maxBL_S2_b,cumBL_S1,cumBL_S2,bl_S1_a,bl_S2_a,maxBL_S1_a,maxBL_S2_a,ll_rearrs,ll_orig,ntaxa,tbl,maxBL,target
4,N10,N7,2,2,2.8e-07,1.8e-07,0.00197492,0.00199874,0.0019749299999999997,0.00199892,1e-06,0.005968,0.001978,0.002003,-1175.749897,-1171.31941,10,0.13422088,0.0506506,0.003782475524758748
5,N11,N7,2,2,3.1e-07,1.8e-07,0.00996558,0.00199874,0.00996559,0.00199892,1e-06,0.005968,0.009982,0.002003,-1175.749895,-1171.31941,10,0.13422088,0.0506506,0.003782473817282565
8,N6,N5,4,2,0.00595618,0.0141741,0.00996558,0.00197656,0.01194111,0.00197657,0.006003,0.046152,0.010045,0.001993,-1206.754591,-1171.31941,10,0.13422088,0.0506506,0.03025236387058576
9,N7,N5,2,2,1.8e-07,0.0141741,0.00199874,0.00197656,0.00199892,0.00197657,1e-06,0.04612,0.002015,0.001993,-1206.750203,-1171.31941,10,0.13422088,0.0506506,0.03024861766783152
10,Sp008,N4,1,6,1e-08,0.0349915,0.0,0.00996558,0.0,0.019896389999999996,1e-06,0.050002,0.0,0.010014,-1180.459158,-1171.31941,10,0.13422088,0.0506506,0.007802951032801399
11,Sp001,N4,1,6,0.00197656,0.0349915,0.0,0.00996558,0.0,0.019896389999999996,0.001986,0.050002,0.0,0.010014,-1180.459154,-1171.31941,10,0.13422088,0.0506506,0.007802947617849034
12,N4,Sp004,6,1,0.0349915,0.00727351,0.00996558,0.0,0.019896389999999996,0.0,0.088271,0.006766,0.010099,0.0,-1227.699379,-1171.31941,10,0.13422088,0.0506506,0.04813372724695123
13,N5,Sp004,2,1,0.0141741,0.00727351,0.00197656,0.0,0.00197657,0.0,0.061648,0.007688,0.002002,0.0,-1227.744494,-1171.31941,10,0.13422088,0.0506506,0.048172243641040634
