idx,S1,S2,ntaxa_S1,ntaxa_S2,bl_S1_b,bl_S2_b,maxBL_S1_b,maxBL_S2_b,cumBL_S1,cumBL_S2,bl_S1_a,bl_S2_a,maxBL_S1_a,maxBL_S2_a,ll_rearrs,ll_orig,ntaxa,tbl,maxBL,target
18,Sp023,N18,1,10,0.00598097,1e-08,0.0,1e-08,0.0,1.8000000000000005e-07,0.00699,1e-06,0.0,1e-06,-1645.579604,-1639.72755,25,0.03950056000000002,0.0265816,0.0035689185072239303
19,Sp001,N18,1,10,7e-08,1e-08,0.0,1e-08,0.0,1.8000000000000005e-07,0.000991,1e-06,0.0,1e-06,-1645.579608,-1639.72755,25,0.03950056000000002,0.0265816,0.003568920946653572
20,N18,N17,10,5,1e-08,7e-08,1e-08,0.0265816,1.8000000000000005e-07,0.026581890000000007,1e-06,0.000991,1e-06,0.026583,-1640.840768,-1639.72755,25,0.03950056000000002,0.0265816,0.0006789042484527144
21,N19,N17,2,5,0.00099059,7e-08,0.00598097,0.0265816,0.00598104,0.026581890000000007,0.000991,0.000991,0.005981,0.026583,-1640.840768,-1639.72755,25,0.03950056000000002,0.0265816,0.0006789042484527144
30,N16,Sp011,12,1,0.00099072,0.00198406,0.00598097,0.0,0.00697182,0.0,0.000991,0.00288,0.005983,0.0,-1646.389957,-1639.72755,25,0.03950056000000002,0.0265816,0.004063118290596526
31,N17,Sp011,5,1,7e-08,0.00198406,0.0265816,0.0,0.026581890000000007,0.0,1e-06,0.001984,0.026583,0.0,-1639.765786,-1639.72755,25,0.03950056000000002,0.0265816,2.3318508004497344e-05
36,N10,Sp021,19,1,6e-08,1e-08,0.0265816,0.0,0.037519400000000015,0.0,0.000991,1e-06,0.026591,0.0,-1646.874285,-1639.72755,25,0.03950056000000002,0.0265816,0.004358489311227365
37,Sp002,Sp021,1,1,0.00099042,1e-08,0.0,0.0,0.0,0.0,0.001984,1e-06,0.0,0.0,-1646.874285,-1639.72755,25,0.03950056000000002,0.0265816,0.004358489311227365
