idx,S1,S2,ntaxa_S1,ntaxa_S2,bl_S1_b,bl_S2_b,maxBL_S1_b,maxBL_S2_b,cumBL_S1,cumBL_S2,bl_S1_a,bl_S2_a,maxBL_S1_a,maxBL_S2_a,ll_rearrs,ll_orig,ntaxa,tbl,maxBL,target
0,Sp001,N7,1,2,0.0197044,0.0430204,0.0,0.054025,0.0,0.1048395,0.045958,0.042166,0.0,0.054329,-5770.573393,-5767.8983,7,1.17881516,0.843751,0.0004637899042012987
1,Sp000,N7,1,2,0.843751,0.0430204,0.0,0.054025,0.0,0.1048395,0.843213,0.043057,0.0,0.054014,-5767.627641,-5767.8983,7,1.17881516,0.843751,-4.6925064542104695e-05
2,Sp003,N6,1,2,0.0508145,0.0262628,0.0,0.843751,0.0,0.8634554,0.075364,0.037058,0.0,0.855288,-5845.89565,-5767.8983,7,1.17881516,0.843751,0.013522663879146508
3,Sp002,N6,1,2,0.054025,0.0262628,0.0,0.843751,0.0,0.8634554,0.079456,0.037137,0.0,0.854212,-5846.700271,-5767.8983,7,1.17881516,0.843751,0.013662163738219841
4,N6,Sp004,2,1,0.0262628,0.0176715,0.843751,0.0,0.8634554,0.0,0.04494,0.025552,0.839662,0.0,-5832.259801,-5767.8983,7,1.17881516,0.843751,0.011158570705034851
5,N7,Sp004,2,1,0.0430204,0.0176715,0.054025,0.0,0.1048395,0.0,0.068773,0.025904,0.056928,0.0,-5832.517976,-5767.8983,7,1.17881516,0.843751,0.011203331376352502
6,N4,Sp006,4,1,0.0408094,0.00501106,0.843751,0.0,1.0375781,0.0,0.118711,0.005434,0.871465,0.0,-5979.180346,-5767.8983,7,1.17881516,0.843751,0.03663068157772481
7,Sp004,Sp006,1,1,0.0176715,0.00501106,0.0,0.0,0.0,0.0,0.089338,0.005435,0.0,0.0,-5979.180851,-5767.8983,7,1.17881516,0.843751,0.03663076913127963
