idx,S1,S2,ntaxa_S1,ntaxa_S2,bl_S1_b,bl_S2_b,maxBL_S1_b,maxBL_S2_b,cumBL_S1,cumBL_S2,bl_S1_a,bl_S2_a,maxBL_S1_a,maxBL_S2_a,ll_rearrs,ll_orig,ntaxa,tbl,maxBL,target
0,Sp001,Sp002,1,1,0.00807941,0.010789,0.0,0,0.0,0,0.008843,0.013591,0.0,0,-1729.160947,-1726.01467,8,0.71341801,0.490302,0.001822856465061247
1,Sp000,Sp002,1,1,0.00603824,0.010789,0.0,0,0.0,0,0.006805,0.013591,0.0,0,-1729.160946,-1726.01467,8,0.71341801,0.490302,0.001822855885691831
2,Sp002,Sp004,1,1,0.010789,0.0286813,0.0,0,0.0,0,0.010613,0.028941,0.0,0,-1727.485168,-1726.01467,8,0.71341801,0.490302,0.0008519614726101412
3,N11,Sp004,2,1,0.00350333,0.0286813,0.00807941,0,0.01411765,0,0.003386,0.029851,0.008082,0,-1729.448984,-1726.01467,8,0.71341801,0.490302,0.0019897362749530315
6,Sp003,Sp005,1,1,0.00869132,0.0239792,0.0,0,0.0,0,0.008706,0.025139,0.0,0,-1726.133993,-1726.01467,8,0.71341801,0.490302,6.913208912638896e-05
7,N7,Sp005,4,1,6.4e-07,0.0239792,0.0286813,0,0.0611151,0,1e-06,0.024787,0.027375,0,-1725.631375,-1726.01467,8,0.71341801,0.490302,-0.00022206937557494178
8,N4,Sp007,5,1,0.00113615,0.490302,0.0286813,0,0.06980705999999999,0,0.001105,0.54208,0.028778,0,-1728.610069,-1726.01467,8,0.71341801,0.490302,0.0015036946354575556
9,Sp005,Sp007,1,1,0.0239792,0.490302,0.0,0,0.0,0,0.023714,0.541698,0.0,0,-1728.54982,-1726.01467,8,0.71341801,0.490302,0.0014687882114002718
