idx,S1,S2,ntaxa_S1,ntaxa_S2,bl_S1_b,bl_S2_b,maxBL_S1_b,maxBL_S2_b,cumBL_S1,cumBL_S2,bl_S1_a,bl_S2_a,maxBL_S1_a,maxBL_S2_a,ll_rearrs,ll_orig,ntaxa,tbl,maxBL,target
0,Sp005,Sp000,1,1,0.0792729,0.0824581,0.0,0,0.0,0,0.085875,0.08771,0.0,0,-7138.040653,-7118.94117,7,0.40389359999999996,0.0824581,0.002682910638521257
1,Sp003,Sp000,1,1,0.0477411,0.0824581,0.0,0,0.0,0,0.055544,0.083942,0.0,0,-7134.856096,-7118.94117,7,0.40389359999999996,0.0824581,0.0022355748727166933
2,N8,Sp001,2,1,0.0179148,0.0467024,0.0792729,0,0.127014,0,0.024248,0.045246,0.078732,0,-7131.493335,-7118.94117,7,0.40389359999999996,0.0824581,0.0017632067326102175
3,Sp000,Sp001,1,1,0.0824581,0.0467024,0.0,0,0.0,0,0.085398,0.047919,0.0,0,-7131.275987,-7118.94117,7,0.40389359999999996,0.0824581,0.0017326757877955507
4,Sp001,Sp002,1,1,0.0467024,0.0287035,0.0,0,0.0,0,0.065038,0.03534,0.0,0,-7184.797424,-7118.94117,7,0.40389359999999996,0.0824581,0.009250849589476277
5,N7,Sp002,3,1,0.0154976,0.0287035,0.0824581,0,0.2273869,0,0.026576,0.032807,0.081024,0,-7180.412664,-7118.94117,7,0.40389359999999996,0.0824581,0.00863492091479109
6,N4,Sp006,4,1,0.0277957,0.0185932,0.0824581,0,0.2895869,0,0.040518,0.019974,0.084505,0,-7169.779938,-7118.94117,7,0.40389359999999996,0.0824581,0.0071413384077733035
7,Sp002,Sp006,1,1,0.0287035,0.0185932,0.0,0,0.0,0,0.042928,0.013793,0.0,0,-7158.675222,-7118.94117,7,0.40389359999999996,0.0824581,0.005581455310720006
