idx,S1,S2,ntaxa_S1,ntaxa_S2,bl_S1_b,bl_S2_b,maxBL_S1_b,maxBL_S2_b,cumBL_S1,cumBL_S2,bl_S1_a,bl_S2_a,maxBL_S1_a,maxBL_S2_a,ll_rearrs,ll_orig,ntaxa,tbl,maxBL,target
0,Sp002,Sp004,1,1,1.49912,1.71563,0.0,0,0.0,0,1.47232,1.972628,0.0,0,-8688.677167,-8687.58318,7,15.458388999999999,2.35698,0.00012592535545659058
1,Sp001,Sp004,1,1,0.955262,1.71563,0.0,0,0.0,0,1.037192,1.984607,0.0,0,-8688.71809,-8687.58318,7,15.458388999999999,2.35698,0.00013063587150605825
2,Sp004,Sp000,1,1,1.71563,2.19163,0.0,0,0.0,0,1.507067,2.377522,0.0,0,-8686.888699,-8687.58318,7,15.458388999999999,2.35698,-7.993949359808615e-05
3,N9,Sp000,2,1,0.491652,2.19163,1.49912,0,2.454382,0,0.578167,2.449817,1.501889,0,-8688.255844,-8687.58318,7,15.458388999999999,2.35698,7.742820829022707e-05
4,Sp000,Sp003,1,1,2.19163,2.35698,0.0,0,0.0,0,2.303014,3.079424,0.0,0,-8693.818081,-8687.58318,7,15.458388999999999,2.35698,0.0007176795744935601
5,N7,Sp003,3,1,0.451849,2.35698,1.71563,0,4.661664,0,0.809324,3.083761,1.608888,0,-8693.818016,-8687.58318,7,15.458388999999999,2.35698,0.0007176720925507884
6,N4,Sp006,4,1,1.49579,1.58967,2.19163,0,7.305143,0,1.948026,1.524707,2.178946,0,-8689.974247,-8687.58318,7,15.458388999999999,2.35698,0.000275228098593063
7,Sp003,Sp006,1,1,2.35698,1.58967,0.0,0,0.0,0,2.8767,1.71849,0.0,0,-8690.532517,-8687.58318,7,15.458388999999999,2.35698,0.0003394887782818344
