idx,S1,S2,ntaxa_S1,ntaxa_S2,bl_S1_b,bl_S2_b,maxBL_S1_b,maxBL_S2_b,cumBL_S1,cumBL_S2,bl_S1_a,bl_S2_a,maxBL_S1_a,maxBL_S2_a,ll_rearrs,ll_orig,ntaxa,tbl,maxBL,target
0,Sp002,Sp001,1,1,1e-08,0.523642,0.0,0,0.0,0,1e-06,0.564473,0.0,0,-2242.719658,-2242.72484,7,11.049435220000001,3.07502,-2.310582157674326e-06
1,Sp000,Sp001,1,1,1e-08,0.523642,0.0,0,0.0,0,1e-06,0.564473,0.0,0,-2242.719658,-2242.72484,7,11.049435220000001,3.07502,-2.310582157674326e-06
2,Sp001,Sp006,1,1,0.523642,1.6417,0.0,0,0.0,0,0.527163,4.109321,0.0,0,-2250.064667,-2242.72484,7,11.049435220000001,3.07502,0.003272727384604275
3,N9,Sp006,2,1,0.0379302,1.6417,1e-08,0,2e-08,0,0.059172,4.072718,1e-06,0,-2250.087072,-2242.72484,7,11.049435220000001,3.07502,0.003282717464350174
4,N6,Sp005,3,1,3.07502,2.37212,0.523642,0,0.5615722200000001,0,2.96467,2.49997,0.530499,0,-2242.746043,-2242.72484,7,11.049435220000001,3.07502,9.454124564046586e-06
5,Sp006,Sp005,1,1,1.6417,2.37212,0.0,0,0.0,0,1.819301,2.507327,0.0,0,-2242.812889,-2242.72484,7,11.049435220000001,3.07502,3.9259831803510685e-05
6,N4,Sp004,4,1,0.411363,0.181151,3.07502,0,5.27829222,0,2.603889,0.188458,3.081612,0,-2247.721048,-2242.72484,7,11.049435220000001,3.07502,0.0022277400735437633
7,Sp005,Sp004,1,1,2.37212,0.181151,0.0,0,0.0,0,4.475927,0.176852,0.0,0,-2247.633443,-2242.72484,7,11.049435220000001,3.07502,0.002188678215201965
