idx,S1,S2,ntaxa_S1,ntaxa_S2,bl_S1_b,bl_S2_b,maxBL_S1_b,maxBL_S2_b,cumBL_S1,cumBL_S2,bl_S1_a,bl_S2_a,maxBL_S1_a,maxBL_S2_a,ll_rearrs,ll_orig,ntaxa,tbl,maxBL,target
0,Sp001,Sp002,1,1,0.0008987,0.0102212,0.0,0.0,0.0,0.0,0.000908,0.014219,0.0,0.0,-2967.713585,-2958.04817,7,0.22979428999999998,0.0570589,0.0032674974998801115
1,Sp000,Sp002,1,1,0.00087566,0.0102212,0.0,0.0,0.0,0.0,0.000883,0.014219,0.0,0.0,-2967.71364,-2958.04817,7,0.22979428999999998,0.0570589,0.003267516093221671
2,N6,N5,2,2,0.00414903,0.0194063,0.0008987,0.0570589,0.00177436,0.11399139999999999,0.00535,0.036333,0.000904,0.06408,-2999.75002,-2958.04817,7,0.22979428999999998,0.0570589,0.014097758928651902
3,Sp002,N5,1,2,0.0102212,0.0194063,0.0,0.0570589,0.0,0.11399139999999999,0.010905,0.036333,0.0,0.06408,-2999.749962,-2958.04817,7,0.22979428999999998,0.0570589,0.01409773932112804
4,Sp004,N4,1,3,0.0569325,0.0223081,0.0,0.0102212,0.0,0.01614459,0.073529,0.025002,0.0,0.010269,-2980.545754,-2958.04817,7,0.22979428999999998,0.0570589,0.007605550250386959
5,Sp003,N4,1,3,0.0570589,0.0223081,0.0,0.0102212,0.0,0.01614459,0.070884,0.020155,0.0,0.010251,-2973.417123,-2958.04817,7,0.22979428999999998,0.0570589,0.005195639866811278
6,N4,Sp006,3,1,0.0223081,0.0159414,0.0102212,0.0,0.01614459,0.0,0.041298,0.020365,0.010294,0.0,-3006.136437,-2958.04817,7,0.22979428999999998,0.0570589,0.016256755886433074
7,N5,Sp006,2,1,0.0194063,0.0159414,0.0570589,0.0,0.11399139999999999,0.0,0.034422,0.020192,0.063135,0.0,-3006.099351,-2958.04817,7,0.22979428999999998,0.0570589,0.016244218565243922
