idx,S1,S2,ntaxa_S1,ntaxa_S2,bl_S1_b,bl_S2_b,maxBL_S1_b,maxBL_S2_b,cumBL_S1,cumBL_S2,bl_S1_a,bl_S2_a,maxBL_S1_a,maxBL_S2_a,ll_rearrs,ll_orig,ntaxa,tbl,maxBL,target
34,N6,N5,18,8,1e-08,0.00362934,1e-08,1e-08,3.400000000000002e-07,1.4e-07,1e-06,0.00752,1e-06,1e-06,-1604.219749,-1593.68862,29,0.13271421999999974,0.103281,0.006608021710037807
35,Sp027,N5,1,8,1e-08,0.00362934,0.0,1e-08,0.0,1.4e-07,1e-06,0.00752,0.0,1e-06,-1604.219749,-1593.68862,29,0.13271421999999974,0.103281,0.006608021710037807
48,Sp028,N4,1,19,1e-08,0.00386374,0.0,1e-08,0.0,3.600000000000002e-07,1e-06,0.007515,0.0,1e-06,-1601.682256,-1593.68862,29,0.13271421999999974,0.103281,0.005015807918613457
49,N9,N4,7,19,1e-08,0.00386374,1e-08,1e-08,1.2e-07,3.600000000000002e-07,1e-06,0.007515,1e-06,1e-06,-1601.682256,-1593.68862,29,0.13271421999999974,0.103281,0.005015807918613457
50,N4,Sp001,19,1,0.00386374,0.103281,1e-08,0.0,3.600000000000002e-07,0.0,0.003807,0.110963,1e-06,0.0,-1600.868399,-1593.68862,29,0.13271421999999974,0.103281,0.004505132878466594
51,N5,Sp001,8,1,0.00362934,0.103281,1e-08,0.0,1.4e-07,0.0,0.003598,0.112007,1e-06,0.0,-1601.612264,-1593.68862,29,0.13271421999999974,0.103281,0.004971889678173265
