idx,S1,S2,ntaxa_S1,ntaxa_S2,bl_S1_b,bl_S2_b,maxBL_S1_b,maxBL_S2_b,cumBL_S1,cumBL_S2,bl_S1_a,bl_S2_a,maxBL_S1_a,maxBL_S2_a,ll_rearrs,ll_orig,ntaxa,tbl,maxBL,target
0,Sp004,Sp006,1,1,0.00188811,0.0526136,0.0,0,0.0,0,0.001884,0.075793,0.0,0,-2720.247087,-2699.19172,8,0.66697939,0.178827,0.007800619290577991
1,Sp003,Sp006,1,1,0.00153013,0.0526136,0.0,0,0.0,0,0.001567,0.075793,0.0,0,-2720.246482,-2699.19172,8,0.66697939,0.178827,0.007800395149404286
2,Sp006,Sp007,1,1,0.0526136,0.0212376,0.0,0,0.0,0,0.072512,0.023308,0.0,0,-2720.296288,-2699.19172,8,0.66697939,0.178827,0.00781884733997339
3,N11,Sp007,2,1,0.0198315,0.0212376,0.00188811,0,0.00341824,0,0.037275,0.022683,0.001935,0,-2720.246009,-2699.19172,8,0.66697939,0.178827,0.007800219911759419
4,N8,Sp005,3,1,0.0195907,0.012468,0.0526136,0,0.07586334,0,0.012367,0.01155,0.05262,0,-2697.108448,-2699.19172,8,0.66697939,0.178827,-0.0007718132745308851
6,N6,Sp001,4,1,1.5e-07,0.11403,0.0526136,0,0.11669164,0,1e-06,0.292487,0.052652,0,-2797.713876,-2699.19172,8,0.66697939,0.178827,0.03650061433946604
7,Sp005,Sp001,1,1,0.012468,0.11403,0.0,0,0.0,0,0.013724,0.292495,0.0,0,-2797.713948,-2699.19172,8,0.66697939,0.178827,0.03650064101411821
8,N4,Sp002,5,1,0.178827,0.0960335,0.0526136,0,0.12915979,0,0.195241,0.107841,0.05261,0,-2705.211278,-2699.19172,8,0.66697939,0.178827,0.002230133545312008
9,Sp001,Sp002,1,1,0.11403,0.0960335,0.0,0,0.0,0,0.128183,0.098375,0.0,0,-2703.230627,-2699.19172,8,0.66697939,0.178827,0.001496339430086911
