idx,S1,S2,ntaxa_S1,ntaxa_S2,bl_S1_b,bl_S2_b,maxBL_S1_b,maxBL_S2_b,cumBL_S1,cumBL_S2,bl_S1_a,bl_S2_a,maxBL_S1_a,maxBL_S2_a,ll_rearrs,ll_orig,ntaxa,tbl,maxBL,target
0,Sp003,Sp001,1,1,1e-08,0.158215,0.0,0.0,0.0,0.0,1e-06,0.424245,0.0,0.0,-3623.119868,-3615.83656,7,4.76117202,1.50811,0.0020142802029746703
1,Sp002,Sp001,1,1,1e-08,0.158215,0.0,0.0,0.0,0.0,1e-06,0.424245,0.0,0.0,-3623.119868,-3615.83656,7,4.76117202,1.50811,0.0020142802029746703
2,N6,N5,2,2,0.266121,0.540608,1e-08,0.782217,2e-08,1.365844,0.264198,1.127035,1e-06,0.695338,-3620.872056,-3615.83656,7,4.76117202,1.50811,0.0013926226798259837
3,Sp001,N5,1,2,0.158215,0.540608,0.0,0.782217,0.0,1.365844,0.166984,1.121812,0.0,0.693715,-3620.885352,-3615.83656,7,4.76117202,1.50811,0.0013962998371805813
4,Sp004,N4,1,3,0.583627,0.654165,0.0,0.266121,0.0,0.42433602,0.416102,1.052796,0.0,0.261946,-3618.223342,-3615.83656,7,4.76117202,1.50811,0.0006600912293446096
5,Sp000,N4,1,3,0.782217,0.654165,0.0,0.266121,0.0,0.42433602,0.829235,1.091524,0.0,0.261724,-3620.104199,-3615.83656,7,4.76117202,1.50811,0.0011802632472966892
6,N4,Sp006,3,1,0.654165,0.166769,0.266121,0.0,0.42433602,0.0,1.941437,0.151455,0.271547,0.0,-3645.505096,-3615.83656,7,4.76117202,1.50811,0.008205165113989464
7,N5,Sp006,2,1,0.540608,0.166769,0.782217,0.0,1.365844,0.0,1.711375,0.155558,0.997394,0.0,-3645.529465,-3615.83656,7,4.76117202,1.50811,0.008211904633211597
