idx,S1,S2,ntaxa_S1,ntaxa_S2,bl_S1_b,bl_S2_b,maxBL_S1_b,maxBL_S2_b,cumBL_S1,cumBL_S2,bl_S1_a,bl_S2_a,maxBL_S1_a,maxBL_S2_a,ll_rearrs,ll_orig,ntaxa,tbl,maxBL,target
0,Sp002,N7,1,2,0.00410106,0.00865512,0.0,0.0144674,0.0,0.0289061,0.005749,0.01239,0.0,0.014529,-4290.51534,-4279.55849,7,0.21700705999999997,0.0470056,0.0025602757914402465
1,Sp006,N7,1,2,0.0174774,0.00865512,0.0,0.0144674,0.0,0.0289061,0.0165,0.012252,0.0,0.014556,-4287.097119,-4279.55849,7,0.21700705999999997,0.0470056,0.0017615436306373914
2,Sp004,N6,1,2,0.0144387,0.00623708,0.0,0.0174774,0.0,0.02157846,0.014441,0.010276,0.0,0.017557,-4293.485913,-4279.55849,7,0.21700705999999997,0.0470056,0.0032544065077143246
3,Sp000,N6,1,2,0.0144674,0.00623708,0.0,0.0174774,0.0,0.02157846,0.013252,0.010787,0.0,0.017989,-4294.357567,-4279.55849,7,0.21700705999999997,0.0470056,0.0034580849951181924
4,N6,Sp003,2,1,0.00623708,0.0170675,0.0174774,0.0,0.02157846,0.0,0.008771,0.02991,0.016539,0.0,-4316.230328,-4279.55849,7,0.21700705999999997,0.0470056,0.008569070404269505
5,N7,Sp003,2,1,0.00865512,0.0170675,0.0144674,0.0,0.0289061,0.0,0.008681,0.029831,0.015235,0.0,-4314.916734,-4279.55849,7,0.21700705999999997,0.0470056,0.008262124254784986
6,N4,Sp005,4,1,0.0176129,0.0430205,0.0174774,0.0,0.06537675999999999,0.0,0.018156,0.061841,0.01766,0.0,-4328.546084,-4279.55849,7,0.21700705999999997,0.0470056,0.011446880353304684
7,Sp003,Sp005,1,1,0.0170675,0.0430205,0.0,0.0,0.0,0.0,0.020899,0.062338,0.0,0.0,-4330.227001,-4279.55849,7,0.21700705999999997,0.0470056,0.011839658487761397
