idx,S1,S2,ntaxa_S1,ntaxa_S2,bl_S1_b,bl_S2_b,maxBL_S1_b,maxBL_S2_b,cumBL_S1,cumBL_S2,bl_S1_a,bl_S2_a,maxBL_S1_a,maxBL_S2_a,ll_rearrs,ll_orig,ntaxa,tbl,maxBL,target
6,N16,Sp006,4,1,9e-08,1e-08,7e-08,0.0,1.2000000000000002e-07,0.0,1e-06,0.001458,1e-06,0.0,-1069.849501,-1061.87695,13,0.013958119999999997,0.00681561,0.007507980091290087
7,Sp002,Sp006,1,1,1e-08,1e-08,0.0,0.0,0.0,0.0,1e-06,0.001458,0.0,0.0,-1069.849487,-1061.87695,13,0.013958119999999997,0.00681561,0.0075079669070883155
12,N8,N7,7,2,8e-08,8e-08,0.00138726,2.6e-07,0.0013875799999999998,2.7e-07,1e-06,0.001388,0.001388,1e-06,-1067.212218,-1061.87695,13,0.013958119999999997,0.00681561,0.005024374999381816
13,Sp001,N7,1,2,1e-08,8e-08,0.0,2.6e-07,0.0,2.7e-07,1e-06,0.001388,0.0,1e-06,-1067.212183,-1061.87695,13,0.013958119999999997,0.00681561,0.005024342038877495
16,N6,Sp000,8,1,0.00138761,1e-08,0.00138726,0.0,0.0013876699999999997,0.0,0.007005,1e-06,0.00139,0.0,-1087.017711,-1061.87695,13,0.013958119999999997,0.00681561,0.0236757761810348
17,N7,Sp000,2,1,8e-08,1e-08,2.6e-07,0.0,2.7e-07,0.0,1e-06,0.007267,1e-06,0.0,-1087.074271,-1061.87695,13,0.013958119999999997,0.00681561,0.02372904035632365
