idx,S1,S2,ntaxa_S1,ntaxa_S2,bl_S1_b,bl_S2_b,maxBL_S1_b,maxBL_S2_b,cumBL_S1,cumBL_S2,bl_S1_a,bl_S2_a,maxBL_S1_a,maxBL_S2_a,ll_rearrs,ll_orig,ntaxa,tbl,maxBL,target
20,N14,N13,11,2,1e-08,1.5e-07,1e-08,1e-08,2.0000000000000007e-07,2e-08,1e-06,0.005417,1e-06,1e-06,-595.48934,-582.24844,20,0.030277270000000054,0.0248748,0.022740979778322828
21,Sp017,N13,1,2,1e-08,1.5e-07,0.0,1e-08,0.0,2e-08,1e-06,0.005417,0.0,1e-06,-595.48934,-582.24844,20,0.030277270000000054,0.0248748,0.022740979778322828
32,N4,Sp003,17,1,1.3e-07,1e-08,0.00540138,0.0,0.00540231,0.0,0.025147,1e-06,0.005445,0.0,-625.450397,-582.24844,20,0.030277270000000054,0.0248748,0.07419849334418138
33,Sp008,Sp003,1,1,1e-08,1e-08,0.0,0.0,0.0,0.0,0.022387,1e-06,0.0,0.0,-625.450397,-582.24844,20,0.030277270000000054,0.0248748,0.07419849334418138
