idx,S1,S2,ntaxa_S1,ntaxa_S2,bl_S1_b,bl_S2_b,maxBL_S1_b,maxBL_S2_b,cumBL_S1,cumBL_S2,bl_S1_a,bl_S2_a,maxBL_S1_a,maxBL_S2_a,ll_rearrs,ll_orig,ntaxa,tbl,maxBL,target
2,Sp005,N7,1,2,1e-08,0.0133501,0.0,1e-08,0.0,2e-08,1e-06,0.024328,0.0,1e-06,-891.517427,-876.86467,8,0.2693078,0.226553,0.016710397283995888
3,N9,N7,2,2,1.4e-07,0.0133501,0.00262474,1e-08,0.00262475,2e-08,1e-06,0.024328,0.002634,1e-06,-891.517427,-876.86467,8,0.2693078,0.226553,0.016710397283995888
4,Sp003,N6,1,3,1e-08,0.0107332,0.0,0.00262474,0.0,0.0026249,1e-06,0.024381,0.0,0.002639,-894.335697,-876.86467,8,0.2693078,0.226553,0.019924428019206127
5,Sp002,N6,1,3,1e-08,0.0107332,0.0,0.00262474,0.0,0.0026249,1e-06,0.024381,0.0,0.002639,-894.335697,-876.86467,8,0.2693078,0.226553,0.019924428019206127
6,N6,Sp007,3,1,0.0107332,0.226553,0.00262474,0.0,0.0026249,0.0,0.010795,0.22888,0.002627,0.0,-877.066099,-876.86467,8,0.2693078,0.226553,0.0002297150368710395
7,N7,Sp007,2,1,0.0133501,0.226553,1e-08,0.0,2e-08,0.0,0.013397,0.22888,1e-06,0.0,-877.066235,-876.86467,8,0.2693078,0.226553,0.00022987013492054546
8,N4,Sp001,5,1,0.00267116,1e-08,0.0133501,0.0,0.026708219999999998,0.0,0.016153,1e-06,0.013421,0.0,-881.174895,-876.86467,8,0.2693078,0.226553,0.004915496253258722
9,Sp007,Sp001,1,1,0.226553,1e-08,0.0,0.0,0.0,0.0,0.238742,1e-06,0.0,0.0,-881.174895,-876.86467,8,0.2693078,0.226553,0.004915496253258722
