idx,S1,S2,ntaxa_S1,ntaxa_S2,bl_S1_b,bl_S2_b,maxBL_S1_b,maxBL_S2_b,cumBL_S1,cumBL_S2,bl_S1_a,bl_S2_a,maxBL_S1_a,maxBL_S2_a,ll_rearrs,ll_orig,ntaxa,tbl,maxBL,target
12,N4,Sp009,7,1,1e-08,1e-08,2.6e-07,0.0,1.01e-06,0.0,0.00194,1e-06,1e-06,0,-724.675249,-718.18697,10,0.0038776999999999995,0.00193858,0.009034247725212885
13,Sp008,Sp009,1,1,0.00193808,1e-08,0.0,0.0,0.0,0.0,0.003889,1e-06,0.0,0,-724.675249,-718.18697,10,0.0038776999999999995,0.00193858,0.009034247725212885
