idx,S1,S2,ntaxa_S1,ntaxa_S2,bl_S1_b,bl_S2_b,maxBL_S1_b,maxBL_S2_b,cumBL_S1,cumBL_S2,bl_S1_a,bl_S2_a,maxBL_S1_a,maxBL_S2_a,ll_rearrs,ll_orig,ntaxa,tbl,maxBL,target
4,N8,N7,3,3,1e-08,0.0292186,1e-08,1e-08,4e-08,4e-08,1e-06,0.064509,1e-06,1e-06,-475.224528,-458.96505,10,0.18082399999999996,0.0702647,0.035426396846557275
5,Sp006,N7,1,3,1e-08,0.0292186,0.0,1e-08,0.0,4e-08,1e-06,0.064509,0.0,1e-06,-475.224528,-458.96505,10,0.18082399999999996,0.0702647,0.035426396846557275
8,Sp005,N6,1,4,1e-08,0.0337159,0.0,1e-08,0.0,6e-08,1e-06,0.064403,0.0,1e-06,-471.679382,-458.96505,10,0.18082399999999996,0.0702647,0.027702179065704362
9,N11,N6,2,4,1e-08,0.0337159,1e-08,1e-08,2e-08,6e-08,1e-06,0.064403,1e-06,1e-06,-471.679382,-458.96505,10,0.18082399999999996,0.0702647,0.027702179065704362
10,N6,Sp002,4,1,0.0337159,0.0702647,1e-08,0.0,6e-08,0.0,0.034537,0.075379,1e-06,0.0,-460.190696,-458.96505,10,0.18082399999999996,0.0702647,0.0026704560619593655
11,N7,Sp002,3,1,0.0292186,0.0702647,1e-08,0.0,4e-08,0.0,0.031092,0.077402,1e-06,0.0,-460.433563,-458.96505,10,0.18082399999999996,0.0702647,0.0031996183587398933
12,N4,Sp001,7,1,0.00909098,1e-08,0.0337159,0.0,0.06293460000000001,0.0,0.041494,1e-06,0.035388,0.0,-471.125644,-458.96505,10,0.18082399999999996,0.0702647,0.026495686327314034
13,Sp002,Sp001,1,1,0.0702647,1e-08,0.0,0.0,0.0,0.0,0.106805,1e-06,0.0,0.0,-471.125635,-458.96505,10,0.18082399999999996,0.0702647,0.026495666717977696
