idx,S1,S2,ntaxa_S1,ntaxa_S2,bl_S1_b,bl_S2_b,maxBL_S1_b,maxBL_S2_b,cumBL_S1,cumBL_S2,bl_S1_a,bl_S2_a,maxBL_S1_a,maxBL_S2_a,ll_rearrs,ll_orig,ntaxa,tbl,maxBL,target
8,N8,N7,5,3,3.8e-07,0.00314417,1e-08,0.00316086,7.999999999999999e-08,0.00316096,0.002861,0.003426,1e-06,0.003164,-1289.59699,-1284.62326,12,0.10552546999999994,0.0326187,0.003871742132397581
9,Sp007,N7,1,3,0.00639655,0.00314417,0.0,0.00316086,0.0,0.00316096,0.007734,0.003426,0.0,0.003164,-1289.596997,-1284.62326,12,0.10552546999999994,0.0326187,0.0038717475814660464
12,Sp008,N6,1,6,0.00316086,0.00317511,0.0,0.00639655,0.0,0.00639701,0.003165,0.006364,0.0,0.006394,-1294.290953,-1284.62326,12,0.10552546999999994,0.0326187,0.0075257029053014905
13,N11,N6,2,6,8e-08,0.00317511,1e-08,0.00639655,2e-08,0.00639701,1e-06,0.006364,1e-06,0.006394,-1294.290953,-1284.62326,12,0.10552546999999994,0.0326187,0.0075257029053014905
14,N6,Sp006,6,1,0.00317511,1e-07,0.00639655,0.0,0.00639701,0.0,0.003457,0.001284,0.006399,0.0,-1288.359674,-1284.62326,12,0.10552546999999994,0.0326187,0.0029085679174141433
15,N7,Sp006,3,1,0.00314417,1e-07,0.00316086,0.0,0.00316096,0.0,0.003422,0.001284,0.003162,0.0,-1288.359415,-1284.62326,12,0.10552546999999994,0.0326187,0.002908366301883578
16,N4,Sp011,9,1,0.00158262,0.0326187,0.00639655,0.0,0.01587725,0.0,0.001593,0.054086,0.00644,0.0,-1305.796745,-1284.62326,12,0.10552546999999994,0.0326187,0.016482252547723623
17,Sp006,Sp011,1,1,1e-07,0.0326187,0.0,0.0,0.0,0.0,1e-06,0.054087,0.0,0.0,-1305.796808,-1284.62326,12,0.10552546999999994,0.0326187,0.016482301589339103
