idx,S1,S2,ntaxa_S1,ntaxa_S2,bl_S1_b,bl_S2_b,maxBL_S1_b,maxBL_S2_b,cumBL_S1,cumBL_S2,bl_S1_a,bl_S2_a,maxBL_S1_a,maxBL_S2_a,ll_rearrs,ll_orig,ntaxa,tbl,maxBL,target
12,N16,Sp015,7,1,1e-08,1e-08,1e-08,0,1.2e-07,0,1e-06,0.007911,1e-06,0,-187.726829,-181.42505,16,0.007880279999999998,0.00788,0.03473488914568308
13,Sp014,Sp015,1,1,1e-08,1e-08,0.0,0,0.0,0,1e-06,0.007911,0.0,0,-187.726829,-181.42505,16,0.007880279999999998,0.00788,0.03473488914568308
