idx,S1,S2,ntaxa_S1,ntaxa_S2,bl_S1_b,bl_S2_b,maxBL_S1_b,maxBL_S2_b,cumBL_S1,cumBL_S2,bl_S1_a,bl_S2_a,maxBL_S1_a,maxBL_S2_a,ll_rearrs,ll_orig,ntaxa,tbl,maxBL,target
0,Sp001,N7,1,2,0.0190269,0.00793356,0.0,0.0183985,0.0,0.0286504,0.020623,0.010608,0.0,0.018484,-3635.201628,-3619.96109,7,0.16076798,0.027585,0.004210138623340843
1,Sp000,N7,1,2,0.00381517,0.00793356,0.0,0.0183985,0.0,0.0286504,0.005347,0.010243,0.0,0.018531,-3633.603239,-3619.96109,7,0.16076798,0.027585,0.0037685899546506577
2,Sp004,N6,1,2,0.0102519,0.00501875,0.0,0.0190269,0.0,0.02284207,0.015237,0.007457,0.0,0.01841,-3645.879498,-3619.96109,7,0.16076798,0.027585,0.007159858174055678
3,Sp002,N6,1,2,0.0183985,0.00501875,0.0,0.0190269,0.0,0.02284207,0.022738,0.007407,0.0,0.018484,-3645.464668,-3619.96109,7,0.16076798,0.027585,0.007045263019664195
4,N6,Sp003,2,1,0.00501875,0.0153664,0.0190269,0.0,0.02284207,0.0,0.006619,0.033838,0.019173,0.0,-3704.738538,-3619.96109,7,0.16076798,0.027585,0.023419436256979294
5,N7,Sp003,2,1,0.00793356,0.0153664,0.0183985,0.0,0.0286504,0.0,0.009007,0.033837,0.017919,0.0,-3704.738639,-3619.96109,7,0.16076798,0.027585,0.0234194641578317
6,N4,Sp006,4,1,0.0201079,0.0224879,0.0190269,0.0,0.06444478000000001,0.0,0.023024,0.029793,0.019166,0.0,-3647.053234,-3619.96109,7,0.16076798,0.027585,0.007484098123275737
7,Sp003,Sp006,1,1,0.0153664,0.0224879,0.0,0.0,0.0,0.0,0.018282,0.029466,0.0,0.0,-3646.856915,-3619.96109,7,0.16076798,0.027585,0.007429865772397034
