idx,S1,S2,ntaxa_S1,ntaxa_S2,bl_S1_b,bl_S2_b,maxBL_S1_b,maxBL_S2_b,cumBL_S1,cumBL_S2,bl_S1_a,bl_S2_a,maxBL_S1_a,maxBL_S2_a,ll_rearrs,ll_orig,ntaxa,tbl,maxBL,target
4,Sp015,Sp008,1,1,1e-08,1e-08,0.0,0.0,0.0,0.0,1e-06,0.001785,0.0,0,-1852.828568,-1836.95276,25,0.03916316000000003,0.0266714,0.008642469390448564
5,N33,Sp008,2,1,1e-08,1e-08,1e-08,0.0,2e-08,0.0,1e-06,0.001785,1e-06,0,-1852.828568,-1836.95276,25,0.03916316000000003,0.0266714,0.008642469390448564
16,Sp007,Sp010,1,1,1e-08,0.00089055,0.0,0.0,0.0,0.0,1e-06,0.001784,0.0,0,-1844.062714,-1836.95276,25,0.03916316000000003,0.0266714,0.0038705154290413087
17,N39,Sp010,5,1,6e-08,0.00089055,0.00178284,0.0,0.0017831699999999997,0.0,1e-06,0.001784,0.001783,0,-1844.062714,-1836.95276,25,0.03916316000000003,0.0266714,0.0038705154290413087
32,N14,Sp016,17,1,1.1e-07,0.00084993,0.00267676,0.0,0.008024949999999996,0.0,1e-06,0.004478,0.002681,0,-1851.024102,-1836.95276,25,0.03916316000000003,0.0266714,0.007660154526782816
33,Sp006,Sp016,1,1,1e-08,0.00084993,0.0,0.0,0.0,0.0,1e-06,0.004478,0.0,0,-1851.024102,-1836.95276,25,0.03916316000000003,0.0266714,0.007660154526782816
34,N12,Sp024,18,1,0.00361666,1e-08,0.00267676,0.0,0.008025069999999995,0.0,0.030783,1e-06,0.002701,0,-1971.311358,-1836.95276,25,0.03916316000000003,0.0266714,0.07314210845574495
35,Sp016,Sp024,1,1,0.00084993,1e-08,0.0,0.0,0.0,0.0,0.027893,1e-06,0.0,0,-1971.311358,-1836.95276,25,0.03916316000000003,0.0266714,0.07314210845574495
