idx,S1,S2,ntaxa_S1,ntaxa_S2,bl_S1_b,bl_S2_b,maxBL_S1_b,maxBL_S2_b,cumBL_S1,cumBL_S2,bl_S1_a,bl_S2_a,maxBL_S1_a,maxBL_S2_a,ll_rearrs,ll_orig,ntaxa,tbl,maxBL,target
20,N18,Sp008,11,1,1e-08,1e-08,1e-08,0,2.0000000000000007e-07,0,1e-06,0.001278,1e-06,0,-1142.439729,-1134.3964,21,0.019508340000000055,0.0182298,0.007090404200859468
21,Sp009,Sp008,1,1,1e-08,1e-08,0.0,0,0.0,0,1e-06,0.001278,0.0,0,-1142.439729,-1134.3964,21,0.019508340000000055,0.0182298,0.007090404200859468
