idx,S1,S2,ntaxa_S1,ntaxa_S2,bl_S1_b,bl_S2_b,maxBL_S1_b,maxBL_S2_b,cumBL_S1,cumBL_S2,bl_S1_a,bl_S2_a,maxBL_S1_a,maxBL_S2_a,ll_rearrs,ll_orig,ntaxa,tbl,maxBL,target
0,Sp003,N5,1,3,0.163243,0.0944473,0.0,0.619373,0.0,1.310324,0.163524,0.106601,0.0,0.616731,-4959.122899,-4956.54332,7,2.0028313,0.619373,0.0005204391111828706
1,Sp002,N5,1,3,0.0935543,0.0944473,0.0,0.619373,0.0,1.310324,0.090886,0.089439,0.0,0.615774,-4953.774856,-4956.54332,7,2.0028313,0.619373,-0.0005585473224512779
2,Sp006,Sp004,1,1,0.619373,0.310467,0.0,0.0,0.0,0.0,0.697208,0.295593,0.0,0.0,-4963.786294,-4956.54332,7,2.0028313,0.619373,0.001461295409398477
3,Sp005,Sp004,1,1,0.238368,0.310467,0.0,0.0,0.0,0.0,0.363984,0.291315,0.0,0.0,-4964.795987,-4956.54332,7,2.0028313,0.619373,0.0016650045136699535
4,N8,N4,2,2,0.142116,0.0282376,0.619373,0.163243,0.857741,0.2567973,0.202704,0.03287,0.614557,0.161902,-4964.110512,-4956.54332,7,2.0028313,0.619373,0.0015267075281005377
5,Sp004,N4,1,2,0.310467,0.0282376,0.0,0.163243,0.0,0.2567973,0.39439,0.02915,0.0,0.16185,-4963.881196,-4956.54332,7,2.0028313,0.619373,0.0014804422207693943
6,N4,Sp001,2,1,0.0282376,0.165135,0.163243,0.0,0.2567973,0.0,0.103458,0.162917,0.167553,0.0,-4985.547998,-4956.54332,7,2.0028313,0.619373,0.0058517955210770235
7,N5,Sp001,3,1,0.0944473,0.165135,0.619373,0.0,1.310324,0.0,0.148803,0.168729,0.629737,0.0,-4985.771617,-4956.54332,7,2.0028313,0.619373,0.005896911438675889
