idx,S1,S2,ntaxa_S1,ntaxa_S2,bl_S1_b,bl_S2_b,maxBL_S1_b,maxBL_S2_b,cumBL_S1,cumBL_S2,bl_S1_a,bl_S2_a,maxBL_S1_a,maxBL_S2_a,ll_rearrs,ll_orig,ntaxa,tbl,maxBL,target
54,Sp006,N12,1,24,1e-08,3e-07,0.0,2.9e-07,0.0,1.4199999999999968e-06,1e-06,0.007144,0.0,1e-06,-1439.76924,-1420.75685,36,0.5729462100000026,0.334041,0.013381874597331764
55,N17,N12,5,24,1e-08,3e-07,1e-08,2.9e-07,7.999999999999999e-08,1.4199999999999968e-06,1e-06,0.007144,1e-06,1e-06,-1439.76924,-1420.75685,36,0.5729462100000026,0.334041,0.013381874597331764
60,N6,N5,31,2,1.9e-07,0.0169313,0.00711731,0.334041,0.0071192899999999995,0.4061449,1e-06,0.065094,0.007184,0.333524,-1441.755645,-1420.75685,36,0.5729462100000026,0.334041,0.014780006163616225
61,Sp014,N5,1,2,1e-08,0.0169313,0.0,0.334041,0.0,0.4061449,1e-06,0.065206,0.0,0.333504,-1441.755702,-1420.75685,36,0.5729462100000026,0.334041,0.014780046283077884
62,Sp007,N4,1,32,0.0721039,0.0515296,0.0,0.00711731,0.0,0.007119489999999999,0.085853,0.049464,0.0,0.007125,-1421.478434,-1420.75685,36,0.5729462100000026,0.334041,0.0005078870462599711
63,Sp000,N4,1,32,0.334041,0.0515296,0.0,0.00711731,0.0,0.007119489999999999,0.338337,0.052415,0.0,0.007119,-1421.241501,-1420.75685,36,0.5729462100000026,0.334041,0.000341121705659899
64,N4,Sp035,32,1,0.0515296,1e-08,0.00711731,0.0,0.007119489999999999,0.0,0.140581,1e-06,0.007245,0.0,-1468.144831,-1420.75685,36,0.5729462100000026,0.334041,0.03335404013712838
65,N5,Sp035,2,1,0.0169313,1e-08,0.334041,0.0,0.4061449,0.0,0.095226,1e-06,0.337035,0.0,-1468.145238,-1420.75685,36,0.5729462100000026,0.334041,0.03335432660416177
