idx,S1,S2,ntaxa_S1,ntaxa_S2,bl_S1_b,bl_S2_b,maxBL_S1_b,maxBL_S2_b,cumBL_S1,cumBL_S2,bl_S1_a,bl_S2_a,maxBL_S1_a,maxBL_S2_a,ll_rearrs,ll_orig,ntaxa,tbl,maxBL,target
20,N8,Sp013,2,1,1e-08,1e-08,1e-08,0.0,2e-08,0.0,1e-06,0.008448,1e-06,0,-186.361,-180.04266,16,0.01683229,0.00841551,0.035093571712392926
21,N9,Sp013,10,1,1e-07,1e-08,0.00841551,0.0,0.008417999999999998,0.0,1e-06,0.008448,0.00844,0,-186.360999,-180.04266,16,0.01683229,0.00841551,0.03509356615815374
