idx,S1,S2,ntaxa_S1,ntaxa_S2,bl_S1_b,bl_S2_b,maxBL_S1_b,maxBL_S2_b,cumBL_S1,cumBL_S2,bl_S1_a,bl_S2_a,maxBL_S1_a,maxBL_S2_a,ll_rearrs,ll_orig,ntaxa,tbl,maxBL,target
4,N6,Sp003,3,1,8e-08,0.00505198,0.00249717,0,0.00249727,0,1e-06,0.006272,0.002498,0,-1728.120362,-1726.91414,7,0.16309944000000004,0.0937997,0.0006984840601280836
5,Sp005,Sp003,1,1,0.00375027,0.00505198,0.0,0,0.0,0,0.002531,0.00627,0.0,0,-1726.424474,-1726.91414,7,0.16309944000000004,0.0937997,-0.0002835497079201461
6,N4,Sp001,4,1,0.00120944,0.018408,0.00375027,0,0.00624762,0,0.001432,0.057415,0.003787,0,-1771.645747,-1726.91414,7,0.16309944000000004,0.0937997,0.025902623624356875
7,Sp003,Sp001,1,1,0.00505198,0.018408,0.0,0,0.0,0,0.004032,0.057307,0.0,0,-1771.108748,-1726.91414,7,0.16309944000000004,0.0937997,0.0255916649104512
