idx,S1,S2,ntaxa_S1,ntaxa_S2,bl_S1_b,bl_S2_b,maxBL_S1_b,maxBL_S2_b,cumBL_S1,cumBL_S2,bl_S1_a,bl_S2_a,maxBL_S1_a,maxBL_S2_a,ll_rearrs,ll_orig,ntaxa,tbl,maxBL,target
12,N10,Sp004,7,1,4.36e-06,0.00161238,0.00159057,0,0.004772069999999999,0,0.001484,0.001696,0.00159,0,-1143.657908,-1143.60115,13,0.09908708999999997,0.0895411,4.963093994785266e-05
13,Sp003,Sp004,1,1,1e-08,0.00161238,0.0,0,0.0,0,1e-06,0.001696,0.0,0,-1143.657947,-1143.60115,13,0.09908708999999997,0.0895411,4.966504274673077e-05
14,N8,Sp011,8,1,0.00156739,1e-08,0.00159057,0,0.004776439999999999,0,0.001654,0.092848,0.001633,0,-1345.447519,-1143.60115,13,0.09908708999999997,0.0895411,0.17650066983580778
15,Sp004,Sp011,1,1,0.00161238,1e-08,0.0,0,0.0,0,0.001661,0.092848,0.0,0,-1345.447519,-1143.60115,13,0.09908708999999997,0.0895411,0.17650066983580778
