idx,S1,S2,ntaxa_S1,ntaxa_S2,bl_S1_b,bl_S2_b,maxBL_S1_b,maxBL_S2_b,cumBL_S1,cumBL_S2,bl_S1_a,bl_S2_a,maxBL_S1_a,maxBL_S2_a,ll_rearrs,ll_orig,ntaxa,tbl,maxBL,target
4,N10,N6,2,2,2.1e-07,1.8e-07,0.00391187,1e-08,0.0039121,2e-08,1e-06,0.011891,0.003922,1e-06,-562.067916,-547.99641,8,0.1233107,0.0474598,0.025678098876596656
5,Sp006,N6,1,2,0.00835778,1.8e-07,0.0,1e-08,0.0,2e-08,0.017726,0.003216,0.0,1e-06,-561.805969,-547.99641,8,0.1233107,0.0474598,0.02520009027066443
7,N7,Sp000,3,1,0.0118482,0.00785928,0.00835778,0.0,0.01227009,0.0,0.008097,0.007855,0.00835,0.0,-546.612822,-547.99641,8,0.1233107,0.0474598,-0.002524812160721852
8,N4,Sp003,5,1,8.3e-07,0.0243926,0.0118482,0.0,0.02411849,0.0,1e-06,0.070261,0.011897,0.0,-565.569893,-547.99641,8,0.1233107,0.0474598,0.0320686097195418
9,Sp000,Sp003,1,1,0.00785928,0.0243926,0.0,0.0,0.0,0.0,0.003941,0.070222,0.0,0.0,-563.432404,-547.99641,8,0.1233107,0.0474598,0.028168056794386758
