idx,S1,S2,ntaxa_S1,ntaxa_S2,bl_S1_b,bl_S2_b,maxBL_S1_b,maxBL_S2_b,cumBL_S1,cumBL_S2,bl_S1_a,bl_S2_a,maxBL_S1_a,maxBL_S2_a,ll_rearrs,ll_orig,ntaxa,tbl,maxBL,target
0,Sp006,Sp004,1,1,0.015581,0.0203206,0.0,0,0.0,0,0.015297,0.01591,0.0,0,-6100.515789,-6105.44166,8,0.36556226000000014,0.097928,-0.0008068001095272721
2,N10,Sp005,2,1,3.1e-07,0.00530077,0.015581,0,0.01783966,0,1e-06,0.005143,0.014767,0,-6103.836797,-6105.44166,8,0.36556226000000014,0.097928,-0.00026285780609694296
4,Sp005,Sp001,1,1,0.00530077,0.0151721,0.0,0,0.0,0,0.005429,0.025458,0.0,0,-6128.693193,-6105.44166,8,0.36556226000000014,0.097928,0.0038083294042972893
5,N9,Sp001,3,1,1.2e-07,0.0151721,0.0203206,0,0.038160570000000005,0,1e-06,0.025635,0.020993,0,-6129.03997,-6105.44166,8,0.36556226000000014,0.097928,0.0038651274247045054
6,N6,Sp007,4,1,0.0126813,0.0595048,0.0203206,0,0.04346146,0,0.016093,0.104697,0.02047,0,-6217.186203,-6105.44166,8,0.36556226000000014,0.097928,0.01830245037506423
7,Sp001,Sp007,1,1,0.0151721,0.0595048,0.0,0,0.0,0,0.016648,0.104475,0.0,0,-6216.957666,-6105.44166,8,0.36556226000000014,0.097928,0.01826501868498729
8,N4,Sp002,5,1,0.0566973,0.097928,0.0203206,0,0.07131486000000001,0,0.060149,0.104668,0.020333,0,-6115.049956,-6105.44166,8,0.36556226000000014,0.097928,0.0015737266089934968
9,Sp007,Sp002,1,1,0.0595048,0.097928,0.0,0,0.0,0,0.05753,0.097974,0.0,0,-6100.405003,-6105.44166,8,0.36556226000000014,0.097928,-0.0008249455617598284
