idx,S1,S2,ntaxa_S1,ntaxa_S2,bl_S1_b,bl_S2_b,maxBL_S1_b,maxBL_S2_b,cumBL_S1,cumBL_S2,bl_S1_a,bl_S2_a,maxBL_S1_a,maxBL_S2_a,ll_rearrs,ll_orig,ntaxa,tbl,maxBL,target
2,Sp001,Sp003,1,1,0.00414151,0.00509383,0.0,0,0.0,0,1e-06,0.031381,0.0,0,-599.71764,-595.82901,8,0.19984700999999996,0.0728578,0.006526419383305826
3,N11,Sp003,2,1,4e-07,0.00509383,2e-07,0,2.1e-07,0,0.008218,0.03382,1e-06,0,-602.631474,-595.82901,8,0.19984700999999996,0.0728578,0.011416805636905773
4,N8,Sp006,3,1,0.0283704,0.0728578,0.00414151,0,0.00414212,0,0.014373,0.092441,0.00415,0,-595.289097,-595.82901,8,0.19984700999999996,0.0728578,-0.0009061542673124787
5,Sp003,Sp006,1,1,0.00509383,0.0728578,0.0,0,0.0,0,1e-06,0.087189,0.0,0,-597.457107,-595.82901,8,0.19984700999999996,0.0728578,0.0027324903163072093
6,N6,Sp007,4,1,0.0217064,1e-08,0.0283704,0,0.037606350000000004,0,0.072777,1e-06,0.025646,0,-615.359916,-595.82901,8,0.19984700999999996,0.0728578,0.03277938078241601
7,Sp006,Sp007,1,1,0.0728578,1e-08,0.0,0,0.0,0,0.131067,1e-06,0.0,0,-615.359896,-595.82901,8,0.19984700999999996,0.0728578,0.032779347215738976
