idx,S1,S2,ntaxa_S1,ntaxa_S2,bl_S1_b,bl_S2_b,maxBL_S1_b,maxBL_S2_b,cumBL_S1,cumBL_S2,bl_S1_a,bl_S2_a,maxBL_S1_a,maxBL_S2_a,ll_rearrs,ll_orig,ntaxa,tbl,maxBL,target
4,N8,Sp003,3,1,2.5e-07,1e-08,0.0070149,0,0.01165504,0,1e-06,0.014675,0.007049,0,-702.910097,-672.09118,8,0.033420990000000005,0.0145767,0.0458552617815933
5,Sp007,Sp003,1,1,1e-08,1e-08,0.0,0,0.0,0,1e-06,0.014675,0.0,0,-702.910097,-672.09118,8,0.033420990000000005,0.0145767,0.0458552617815933
6,N6,Sp004,4,1,0.0145767,1e-08,0.0070149,0,0.0116553,0,0.017081,1e-06,0.007021,0,-676.923726,-672.09118,8,0.033420990000000005,0.0145767,0.007190313076270364
7,Sp003,Sp004,1,1,1e-08,1e-08,0.0,0,0.0,0,0.0024,1e-06,0.0,0,-676.923726,-672.09118,8,0.033420990000000005,0.0145767,0.007190313076270364
