idx,S1,S2,ntaxa_S1,ntaxa_S2,bl_S1_b,bl_S2_b,maxBL_S1_b,maxBL_S2_b,cumBL_S1,cumBL_S2,bl_S1_a,bl_S2_a,maxBL_S1_a,maxBL_S2_a,ll_rearrs,ll_orig,ntaxa,tbl,maxBL,target
3,Sp001,N9,1,5,0.00153734,0.00262454,0.0,0.00369862,0.0,0.006481010000000001,0.001483,0.0023,0.0,0.003698,-4390.832981,-4393.94243,11,0.030284110000000006,0.00482567,-0.0007076672144747457
4,Sp007,Sp006,1,1,1e-08,1e-08,0.0,0.0,0.0,0.0,0.000403,1e-06,0.0,0.0,-4400.035415,-4393.94243,11,0.030284110000000006,0.00482567,0.001386678386680689
5,Sp005,Sp006,1,1,0.00369862,1e-08,0.0,0.0,0.0,0.0,0.004162,1e-06,0.0,0.0,-4400.035404,-4393.94243,11,0.030284110000000006,0.00482567,0.0013866758832341234
6,N16,Sp003,2,1,0.00044115,0.00073099,0.00369862,0.0,0.00369863,0.0,0.000441,0.001096,0.003699,0.0,-4398.464373,-4393.94243,11,0.030284110000000006,0.00482567,0.0010291311440782207
7,Sp006,Sp003,1,1,1e-08,0.00073099,0.0,0.0,0.0,0.0,1e-06,0.001096,0.0,0.0,-4398.464386,-4393.94243,11,0.030284110000000006,0.00482567,0.0010291341026968327
10,N12,N8,4,2,2.4e-07,3e-08,0.00369862,0.00367356,0.00523314,0.0052109,0.002298,1e-06,0.003699,0.003356,-4395.578604,-4393.94243,11,0.030284110000000006,0.00482567,0.00037237037718771613
11,Sp002,N8,1,2,0.00124763,3e-08,0.0,0.00367356,0.0,0.0052109,0.001251,1e-06,0.0,0.003356,-4395.576757,-4393.94243,11,0.030284110000000006,0.00482567,0.00037195002575392353
12,N8,N4,2,2,3e-08,4e-08,0.00367356,0.00347789,0.0052109,0.0053076,1e-06,0.00155,0.00373,0.003474,-4412.555676,-4393.94243,11,0.030284110000000006,0.00482567,0.004236115128162908
13,N9,N4,5,2,0.00262454,4e-08,0.00369862,0.00347789,0.006481010000000001,0.0053076,0.003791,1e-06,0.0037,0.003426,-4412.793402,-4393.94243,11,0.030284110000000006,0.00482567,0.004290218249400273
