idx,S1,S2,ntaxa_S1,ntaxa_S2,bl_S1_b,bl_S2_b,maxBL_S1_b,maxBL_S2_b,cumBL_S1,cumBL_S2,bl_S1_a,bl_S2_a,maxBL_S1_a,maxBL_S2_a,ll_rearrs,ll_orig,ntaxa,tbl,maxBL,target
10,Sp009,N8,1,4,1e-08,2.4e-07,0.0,1e-08,0.0,6e-08,1e-06,0.029178,0.0,1e-06,-1160.162973,-1110.25838,12,0.09919852999999997,0.040412,0.04494862988559472
11,N13,N8,3,4,1.2e-07,2.4e-07,0.00526578,1e-08,0.00701429,6e-08,1e-06,0.029178,0.005311,1e-06,-1160.162973,-1110.25838,12,0.09919852999999997,0.040412,0.04494862988559472
12,N8,Sp010,4,1,2.4e-07,0.0107645,1e-08,0.0,6e-08,0.0,1e-06,0.049542,1e-06,0.0,-1191.910866,-1110.25838,12,0.09919852999999997,0.040412,0.07354367908486308
13,N9,Sp010,4,1,0.0288366,0.0107645,0.00526578,0.0,0.00701442,0.0,0.071679,0.010769,0.005333,0.0,-1187.159269,-1110.25838,12,0.09919852999999997,0.040412,0.06926395727812476
14,N6,Sp001,8,1,0.040412,1e-08,0.0288366,0.0,0.03585132,0.0,0.043997,1e-06,0.028864,0.0,-1113.529526,-1110.25838,12,0.09919852999999997,0.040412,0.0029462925557923233
15,Sp010,Sp001,1,1,0.0107645,1e-08,0.0,0.0,0.0,0.0,0.014197,1e-06,0.0,0.0,-1113.529527,-1110.25838,12,0.09919852999999997,0.040412,0.0029462934564834613
