idx,S1,S2,ntaxa_S1,ntaxa_S2,bl_S1_b,bl_S2_b,maxBL_S1_b,maxBL_S2_b,cumBL_S1,cumBL_S2,bl_S1_a,bl_S2_a,maxBL_S1_a,maxBL_S2_a,ll_rearrs,ll_orig,ntaxa,tbl,maxBL,target
2,Sp007,N17,1,2,1e-08,1e-08,0.0,1e-08,0.0,2e-08,1e-06,0.001247,0.0,1e-06,-1230.907971,-1222.91367,13,0.021436100000000017,0.00887438,0.006537093497368607
3,N19,N17,2,2,1e-08,1e-08,1e-08,1e-08,2e-08,2e-08,1e-06,0.001247,1e-06,1e-06,-1230.907971,-1222.91367,13,0.021436100000000017,0.00887438,0.006537093497368607
8,N14,Sp012,5,1,6e-08,1e-08,0.00124661,0.0,0.00124668,0.0,1e-06,0.001252,0.001247,0.0,-1230.904327,-1222.91367,13,0.021436100000000017,0.00887438,0.006534113728567656
9,Sp008,Sp012,1,1,1e-08,1e-08,0.0,0.0,0.0,0.0,1e-06,0.001252,0.0,0.0,-1230.904327,-1222.91367,13,0.021436100000000017,0.00887438,0.006534113728567656
14,N8,Sp000,8,1,7e-08,0.00886612,0.00124769,0.0,0.00249453,0.0,1e-06,0.010085,0.001248,0.0,-1224.908243,-1222.91367,13,0.021436100000000017,0.00887438,0.001631000657634462
15,Sp002,Sp000,1,1,1e-08,0.00886612,0.0,0.0,0.0,0.0,1e-06,0.010085,0.0,0.0,-1224.908342,-1222.91367,13,0.021436100000000017,0.00887438,0.0016310816118361299
16,N6,Sp011,9,1,0.00120095,1e-08,0.00124769,0.0,0.00249461,0.0,0.010127,1e-06,0.001251,0.0,-1254.464918,-1222.91367,13,0.021436100000000017,0.00887438,0.025800061585704564
17,Sp000,Sp011,1,1,0.00886612,1e-08,0.0,0.0,0.0,0.0,0.017883,1e-06,0.0,0.0,-1254.464918,-1222.91367,13,0.021436100000000017,0.00887438,0.025800061585704564
