idx,S1,S2,ntaxa_S1,ntaxa_S2,bl_S1_b,bl_S2_b,maxBL_S1_b,maxBL_S2_b,cumBL_S1,cumBL_S2,bl_S1_a,bl_S2_a,maxBL_S1_a,maxBL_S2_a,ll_rearrs,ll_orig,ntaxa,tbl,maxBL,target
8,N12,N9,5,2,7e-08,0.00128385,0.00129833,1e-08,0.0012985899999999999,2e-08,1e-06,0.002571,0.001299,1e-06,-1188.820252,-1183.65307,13,0.02064230000000001,0.00389195,0.00436545313062037
9,Sp003,N9,1,2,0.00129815,0.00128385,0.0,1e-08,0.0,2e-08,0.001299,0.002571,0.0,1e-06,-1188.820252,-1183.65307,13,0.02064230000000001,0.00389195,0.00436545313062037
10,Sp011,N8,1,6,1e-08,0.00129854,0.0,0.00129833,0.0,0.0025968099999999997,1e-06,0.002601,0.0,0.001299,-1188.878133,-1183.65307,13,0.02064230000000001,0.00389195,0.004414353438883797
11,Sp010,N8,1,6,1e-08,0.00129854,0.0,0.00129833,0.0,0.0025968099999999997,1e-06,0.002601,0.0,0.001299,-1188.878133,-1183.65307,13,0.02064230000000001,0.00389195,0.004414353438883797
12,N8,N7,6,2,0.00129854,8e-08,0.00129833,0.00389195,0.0025968099999999997,0.0051752199999999995,0.002599,1e-06,0.001299,0.003896,-1189.549701,-1183.65307,13,0.02064230000000001,0.00389195,0.0049817223893145
13,N9,N7,2,2,0.00128385,8e-08,1e-08,0.00389195,2e-08,0.0051752199999999995,0.002569,1e-06,1e-06,0.003896,-1189.549681,-1183.65307,13,0.02064230000000001,0.00389195,0.0049817054924716185
16,N6,Sp001,8,1,0.00128557,0.00386125,0.00129854,0.0,0.00517922,0.0,0.001289,0.006464,0.0013,0.0,-1195.878833,-1183.65307,13,0.02064230000000001,0.00389195,0.010328839851697351
17,N7,Sp001,2,1,8e-08,0.00386125,0.00389195,0.0,0.0051752199999999995,0.0,1e-06,0.006464,0.003897,0.0,-1195.878832,-1183.65307,13,0.02064230000000001,0.00389195,0.010328839006855304
