idx,S1,S2,ntaxa_S1,ntaxa_S2,bl_S1_b,bl_S2_b,maxBL_S1_b,maxBL_S2_b,cumBL_S1,cumBL_S2,bl_S1_a,bl_S2_a,maxBL_S1_a,maxBL_S2_a,ll_rearrs,ll_orig,ntaxa,tbl,maxBL,target
44,N6,N5,23,23,1e-08,0.0184162,2.6e-07,1e-08,2.479999999999997e-06,4.400000000000003e-07,1e-06,0.029414,1e-06,1e-06,-492.843509,-487.13546,49,0.06323885999999959,0.0341452,0.011717580567836222
45,Sp046,N5,1,23,1e-08,0.0184162,0.0,1e-08,0.0,4.400000000000003e-07,1e-06,0.029414,0.0,1e-06,-492.843509,-487.13546,49,0.06323885999999959,0.0341452,0.011717580567836222
88,Sp044,N4,1,24,1e-08,0.0106745,0.0,2.6e-07,0.0,2.499999999999997e-06,1e-06,0.029517,0.0,1e-06,-500.213214,-487.13546,49,0.06323885999999959,0.0341452,0.026846236978929783
89,N9,N4,22,24,1e-08,0.0106745,1e-08,2.6e-07,4.2000000000000027e-07,2.499999999999997e-06,1e-06,0.029517,1e-06,1e-06,-500.213214,-487.13546,49,0.06323885999999959,0.0341452,0.026846236978929783
90,N4,Sp048,24,1,0.0106745,1e-08,2.6e-07,0.0,2.499999999999997e-06,0.0,0.045345,1e-06,1e-06,0.0,-515.24325,-487.13546,49,0.06323885999999959,0.0341452,0.05770015182224666
91,N5,Sp048,23,1,0.0184162,1e-08,1e-08,0.0,4.400000000000003e-07,0.0,0.053417,1e-06,1e-06,0.0,-515.24325,-487.13546,49,0.06323885999999959,0.0341452,0.05770015182224666
