idx,S1,S2,ntaxa_S1,ntaxa_S2,bl_S1_b,bl_S2_b,maxBL_S1_b,maxBL_S2_b,cumBL_S1,cumBL_S2,bl_S1_a,bl_S2_a,maxBL_S1_a,maxBL_S2_a,ll_rearrs,ll_orig,ntaxa,tbl,maxBL,target
0,Sp002,N7,1,2,0.00830448,0.0134585,0.0,0.0217999,0.0,0.0333449,0.006263,0.019826,0.0,0.022542,-6936.84233,-6925.53588,7,0.26676065000000004,0.0723089,0.0016325740268924923
1,Sp001,N7,1,2,0.0133057,0.0134585,0.0,0.0217999,0.0,0.0333449,0.013874,0.020552,0.0,0.02208,-6944.464722,-6925.53588,7,0.26676065000000004,0.0723089,0.002733195283077408
2,Sp003,N6,1,2,0.0217999,0.00765647,0.0,0.0133057,0.0,0.02161018,0.021962,0.017558,0.0,0.012411,-6963.119879,-6925.53588,7,0.26676065000000004,0.0723089,0.0054268723245715815
3,Sp000,N6,1,2,0.011545,0.00765647,0.0,0.0133057,0.0,0.02161018,0.014041,0.017736,0.0,0.012562,-6965.77562,-6925.53588,7,0.26676065000000004,0.0723089,0.005810343155712592
4,N6,Sp004,2,1,0.00765647,0.0462255,0.0133057,0.0,0.02161018,0.0,0.009188,0.079388,0.014244,0.0,-7020.958384,-6925.53588,7,0.26676065000000004,0.0723089,0.013778356744286941
5,N7,Sp004,2,1,0.0134585,0.0462255,0.0217999,0.0,0.0333449,0.0,0.012994,0.079229,0.021403,0.0,-7019.372172,-6925.53588,7,0.26676065000000004,0.0723089,0.013549318583560635
6,N4,Sp006,4,1,0.0365569,0.0209017,0.0217999,0.0,0.07607005,0.0,0.102952,0.022776,0.022306,0.0,-7195.598155,-6925.53588,7,0.26676065000000004,0.0723089,0.038995144878232774
7,Sp004,Sp006,1,1,0.0462255,0.0209017,0.0,0.0,0.0,0.0,0.113799,0.022775,0.0,0.0,-7195.598162,-6925.53588,7,0.26676065000000004,0.0723089,0.038995145888984964
