idx,S1,S2,ntaxa_S1,ntaxa_S2,bl_S1_b,bl_S2_b,maxBL_S1_b,maxBL_S2_b,cumBL_S1,cumBL_S2,bl_S1_a,bl_S2_a,maxBL_S1_a,maxBL_S2_a,ll_rearrs,ll_orig,ntaxa,tbl,maxBL,target
76,N22,Sp066,39,1,1.4e-07,0.790232,0.00578978,0.0,0.011562619999999994,0.0,1e-06,0.804901,0.005795,0.0,-985.862629,-985.29248,67,0.8492908900000047,0.790232,0.0005786596483513351
77,Sp001,Sp066,1,1,1e-08,0.790232,0.0,0.0,0.0,0.0,1e-06,0.804901,0.0,0.0,-985.862629,-985.29248,67,0.8492908900000047,0.790232,0.0005786596483513351
78,N18,N17,40,18,0.0107144,0.00273464,0.00578978,1e-08,0.011562769999999993,3.400000000000002e-07,0.020804,0.002791,0.005795,1e-06,-985.767232,-985.29248,67,0.8492908900000047,0.790232,0.000481838651605339
79,Sp066,N17,1,18,0.790232,0.00273464,0.0,1e-08,0.0,3.400000000000002e-07,0.804228,0.002792,0.0,1e-06,-985.767087,-985.29248,67,0.8492908900000047,0.790232,0.0004816914871815441
112,Sp058,N16,1,41,1e-08,0.0101374,0.0,0.790232,0.0,0.81250917,1e-06,0.013465,0.0,0.795441,-986.872619,-985.29248,67,0.8492908900000047,0.790232,0.0016037258297150823
113,N21,N16,17,41,1e-08,0.0101374,1e-08,0.790232,3.2000000000000017e-07,0.81250917,1e-06,0.013465,1e-06,0.795441,-986.872619,-985.29248,67,0.8492908900000047,0.790232,0.0016037258297150823
114,N16,Sp062,41,1,0.0101374,1e-08,0.790232,0.0,0.81250917,0.0,0.036111,1e-06,0.807942,0.0,-1015.524972,-985.29248,67,0.8492908900000047,0.790232,0.03068377422306125
115,N17,Sp062,18,1,0.00273464,1e-08,1e-08,0.0,3.400000000000002e-07,0.0,0.026991,1e-06,1e-06,0.0,-1015.524918,-985.29248,67,0.8492908900000047,0.790232,0.03068371941699992
