idx,S1,S2,ntaxa_S1,ntaxa_S2,bl_S1_b,bl_S2_b,maxBL_S1_b,maxBL_S2_b,cumBL_S1,cumBL_S2,bl_S1_a,bl_S2_a,maxBL_S1_a,maxBL_S2_a,ll_rearrs,ll_orig,ntaxa,tbl,maxBL,target
18,N8,Sp007,8,1,8e-08,1e-08,0.00611133,0.0,0.018300990000000003,0.0,1e-06,0.001215,0.006114,0,-1249.69502,-1241.12018,15,0.024373820000000004,0.00611133,0.006908952201550879
19,N9,Sp007,3,1,1e-08,1e-08,0.0024307,0.0,0.0048587,0.0,1e-06,0.001215,0.002432,0,-1249.69502,-1241.12018,15,0.024373820000000004,0.00611133,0.006908952201550879
