idx,S1,S2,ntaxa_S1,ntaxa_S2,bl_S1_b,bl_S2_b,maxBL_S1_b,maxBL_S2_b,cumBL_S1,cumBL_S2,bl_S1_a,bl_S2_a,maxBL_S1_a,maxBL_S2_a,ll_rearrs,ll_orig,ntaxa,tbl,maxBL,target
0,Sp002,Sp003,1,1,0.00302762,0.00303434,0.0,0,0.0,0,0.003271,0.003794,0.0,0,-2012.949513,-2009.73602,7,0.11910938,0.0773596,0.00159896273342405
1,Sp006,Sp003,1,1,0.00201637,0.00303434,0.0,0,0.0,0,0.00226,0.003794,0.0,0,-2012.949514,-2009.73602,7,0.11910938,0.0773596,0.0015989632310017786
2,N8,Sp000,2,1,0.00100039,0.00918965,0.00302762,0,0.00504399,0,0.001109,0.015265,0.003033,0,-2029.444054,-2009.73602,7,0.11910938,0.0773596,0.009806279931231962
3,Sp003,Sp000,1,1,0.00303434,0.00918965,0.0,0,0.0,0,0.003134,0.015265,0.0,0,-2029.444056,-2009.73602,7,0.11910938,0.0773596,0.009806280926387533
4,N6,Sp001,3,1,0.0061136,0.0773596,0.00303434,0,0.00907872,0,0.006432,0.083043,0.00304,0,-2021.928672,-2009.73602,7,0.11910938,0.0773596,0.006066792792020492
5,Sp000,Sp001,1,1,0.00918965,0.0773596,0.0,0,0.0,0,0.00955,0.083092,0.0,0,-2021.884445,-2009.73602,7,0.11910938,0.0773596,0.006044786419263094
6,N4,Sp005,4,1,0.00630299,0.00207954,0.00918965,0,0.024381970000000003,0,0.009203,0.002148,0.009171,0,-2013.476063,-2009.73602,7,0.11910938,0.0773596,0.0018609623168320455
7,Sp001,Sp005,1,1,0.0773596,0.00207954,0.0,0,0.0,0,0.079871,0.002084,0.0,0,-2013.02867,-2009.73602,7,0.11910938,0.0773596,0.001638349498258914
