idx,S1,S2,ntaxa_S1,ntaxa_S2,bl_S1_b,bl_S2_b,maxBL_S1_b,maxBL_S2_b,cumBL_S1,cumBL_S2,bl_S1_a,bl_S2_a,maxBL_S1_a,maxBL_S2_a,ll_rearrs,ll_orig,ntaxa,tbl,maxBL,target
0,Sp004,Sp006,1,1,0.00277599,0.0190374,0.0,0.0,0.0,0.0,0.002777,0.019038,0.0,0.0,-4264.579693,-4264.5793,7,0.6040959800000001,0.332189,9.215445925670344e-08
1,Sp000,Sp006,1,1,0.332189,0.0190374,0.0,0.0,0.0,0.0,0.331884,0.016019,0.0,0.0,-4264.056398,-4264.5793,7,0.6040959800000001,0.332189,-0.00012261514283498328
3,Sp006,N5,1,2,0.0190374,0.0016766,0.0,0.0116508,0.0,0.01327953,0.016932,1e-06,0.0,0.01167,-4261.099512,-4264.5793,7,0.6040959800000001,0.332189,-0.0008159745089042085
4,Sp003,N4,1,3,0.00162873,2.2e-07,0.0,0.332189,0.0,0.35400433,0.001297,1e-06,0.0,0.332529,-4259.595448,-4264.5793,7,0.6040959800000001,0.332189,-0.0011686620530189922
5,Sp002,N4,1,3,0.0116508,2.2e-07,0.0,0.332189,0.0,0.35400433,0.008126,1e-06,0.0,0.329142,-4260.013496,-4264.5793,7,0.6040959800000001,0.332189,-0.0010706340951382363
6,N4,Sp005,3,1,2.2e-07,0.0180801,0.332189,0.0,0.35400433,0.0,1e-06,0.039102,0.336239,0.0,-4278.953409,-4264.5793,7,0.6040959800000001,0.332189,0.0033705807745208084
7,N5,Sp005,2,1,0.0016766,0.0180801,0.0116508,0.0,0.01327953,0.0,1e-06,0.038264,0.012814,0.0,-4278.548004,-4264.5793,7,0.6040959800000001,0.332189,0.003275517470152305
