idx,S1,S2,ntaxa_S1,ntaxa_S2,bl_S1_b,bl_S2_b,maxBL_S1_b,maxBL_S2_b,cumBL_S1,cumBL_S2,bl_S1_a,bl_S2_a,maxBL_S1_a,maxBL_S2_a,ll_rearrs,ll_orig,ntaxa,tbl,maxBL,target
18,N14,N8,2,9,1.2e-07,1.1e-07,0.00177959,0.00178251,0.0017795999999999999,0.0035625899999999996,1e-06,0.001781,0.001781,0.001784,-1278.208764,-1270.50582,17,0.20272267000000002,0.123867,0.006062895485201231
19,Sp002,N8,1,9,1e-08,1.1e-07,0.0,0.00178251,0.0,0.0035625899999999996,1e-06,0.001781,0.0,0.001784,-1278.208763,-1270.50582,17,0.20272267000000002,0.123867,0.006062894698113232
22,Sp004,N6,1,12,1.1e-07,1e-07,0.0,0.00178251,0.0,0.007121939999999999,1e-06,0.010834,0.0,0.001788,-1306.258748,-1270.50582,17,0.20272267000000002,0.123867,0.02814070383400517
23,Sp003,N6,1,12,0.00183241,1e-07,0.0,0.00178251,0.0,0.007121939999999999,0.013045,1e-06,0.0,0.001788,-1303.494004,-1270.50582,17,0.20272267000000002,0.123867,0.02596460675796024
26,N4,Sp016,14,1,3e-07,0.0115215,0.0112298,0.0,0.02018436,0.0,1e-06,0.057525,0.011337,0.0,-1301.351091,-1270.50582,17,0.20272267000000002,0.123867,0.02427794545640091
27,Sp009,Sp016,1,1,1e-08,0.0115215,0.0,0.0,0.0,0.0,1e-06,0.057525,0.0,0.0,-1301.351093,-1270.50582,17,0.20272267000000002,0.123867,0.024277947030577084
