idx,S1,S2,ntaxa_S1,ntaxa_S2,bl_S1_b,bl_S2_b,maxBL_S1_b,maxBL_S2_b,cumBL_S1,cumBL_S2,bl_S1_a,bl_S2_a,maxBL_S1_a,maxBL_S2_a,ll_rearrs,ll_orig,ntaxa,tbl,maxBL,target
4,N6,N5,3,3,1e-08,0.00625182,1e-08,0.11315,4e-08,0.12972662000000001,1e-06,0.014784,1e-06,0.110882,-1284.912533,-1272.28684,9,0.16732359999999996,0.11315,0.009923621468881936
5,Sp003,N5,1,3,1e-08,0.00625182,0.0,0.11315,0.0,0.12972662000000001,1e-06,0.014784,0.0,0.110882,-1284.912533,-1272.28684,9,0.16732359999999996,0.11315,0.009923621468881936
6,Sp007,Sp008,1,1,1e-08,0.11315,0.0,0.0,0.0,0.0,1e-06,0.124893,0.0,0.0,-1281.060456,-1272.28684,9,0.16732359999999996,0.11315,0.006895941798784893
7,Sp006,Sp008,1,1,1e-08,0.11315,0.0,0.0,0.0,0.0,1e-06,0.124893,0.0,0.0,-1281.060456,-1272.28684,9,0.16732359999999996,0.11315,0.006895941798784893
8,Sp008,N4,1,4,0.11315,0.00893378,0.0,1e-08,0.0,6e-08,0.114558,0.008895,0.0,1e-06,-1273.22601,-1272.28684,9,0.16732359999999996,0.11315,0.0007381747342447586
9,N9,N4,2,4,0.0165766,0.00893378,1e-08,1e-08,2e-08,6e-08,0.022197,0.006893,1e-06,1e-06,-1272.793847,-1272.28684,9,0.16732359999999996,0.11315,0.00039850054567877987
10,N4,Sp005,4,1,0.00893378,1e-08,1e-08,0.0,6e-08,0.0,0.031937,1e-06,1e-06,0.0,-1314.658017,-1272.28684,9,0.16732359999999996,0.11315,0.03330316377398039
11,N5,Sp005,3,1,0.00625182,1e-08,0.11315,0.0,0.12972662000000001,0.0,0.028362,1e-06,0.110735,0.0,-1314.658017,-1272.28684,9,0.16732359999999996,0.11315,0.03330316377398039
