idx,S1,S2,ntaxa_S1,ntaxa_S2,bl_S1_b,bl_S2_b,maxBL_S1_b,maxBL_S2_b,cumBL_S1,cumBL_S2,bl_S1_a,bl_S2_a,maxBL_S1_a,maxBL_S2_a,ll_rearrs,ll_orig,ntaxa,tbl,maxBL,target
14,Sp017,N30,1,4,1e-08,2.4e-07,0.0,0.00842052,0.0,0.0178772,1e-06,1e-06,0.0,0.00842,-793.655826,-793.64566,23,0.055087319999999995,0.0200884,1.2809242855339929e-05
15,Sp001,N30,1,4,0.00155553,2.4e-07,0.0,0.00842052,0.0,0.0178772,0.004188,1e-06,0.0,0.00842,-793.655823,-793.64566,23,0.055087319999999995,0.0200884,1.2805462830898763e-05
20,N18,Sp015,5,1,1.3e-07,0.00247923,2.3e-07,0.0,7.4e-07,0.0,1e-06,0.004983,1e-06,0.0,-799.506276,-793.64566,23,0.055087319999999995,0.0200884,0.007384423925407639
21,N19,Sp015,7,1,2.7e-07,0.00247923,0.00842052,0.0,0.024152,0.0,1e-06,0.004983,0.00843,0.0,-799.506276,-793.64566,23,0.055087319999999995,0.0200884,0.007384423925407639
32,N10,Sp004,17,1,1.4e-07,1e-08,0.0200884,0.0,0.048813270000000006,0.0,1e-06,0.002093,0.020081,0.0,-801.279582,-793.64566,23,0.055087319999999995,0.0200884,0.009618803938271374
33,Sp010,Sp004,1,1,1e-08,1e-08,0.0,0.0,0.0,0.0,1e-06,0.002093,0.0,0.0,-801.279582,-793.64566,23,0.055087319999999995,0.0200884,0.009618803938271374
38,N4,Sp009,20,1,2.4e-07,6.6e-07,0.0200884,0.0,0.050904640000000015,0.0,1e-06,1e-06,0.020091,0.0,-793.655858,-793.64566,23,0.055087319999999995,0.0200884,1.2849563116045704e-05
39,Sp011,Sp009,1,1,0.00209114,6.6e-07,0.0,0.0,0.0,0.0,0.002091,1e-06,0.0,0.0,-793.656336,-793.64566,23,0.055087319999999995,0.0200884,1.3451847011913946e-05
