idx,S1,S2,ntaxa_S1,ntaxa_S2,bl_S1_b,bl_S2_b,maxBL_S1_b,maxBL_S2_b,cumBL_S1,cumBL_S2,bl_S1_a,bl_S2_a,maxBL_S1_a,maxBL_S2_a,ll_rearrs,ll_orig,ntaxa,tbl,maxBL,target
2,Sp002,Sp001,1,1,4.1e-07,1e-08,0.0,0.0,0.0,0.0,0.006473,1e-06,0.0,0,-398.459635,-393.82658,9,0.27707461,0.1686,0.011764200882530614
3,Sp000,Sp001,1,1,0.0130891,1e-08,0.0,0.0,0.0,0.0,0.019815,1e-06,0.0,0,-398.459634,-393.82658,9,0.27707461,0.1686,0.011764198343341924
6,N8,Sp007,2,1,3.8e-07,3.3e-07,0.00645327,0.0,0.00645328,0.0,1e-06,0.006487,0.006479,0,-396.50835,-393.82658,9,0.27707461,0.1686,0.006809520068452537
7,N9,Sp007,3,1,3.3e-07,3.3e-07,0.0130891,0.0,0.019513410000000002,0.0,1e-06,0.006487,0.013137,0,-396.508349,-393.82658,9,0.27707461,0.1686,0.006809517529263848
8,N6,Sp003,5,1,0.00642386,0.1686,0.0130891,0.0,0.0259674,0.0,0.006451,0.181591,0.013143,0,-394.455467,-393.82658,9,0.27707461,0.1686,0.0015968627612692374
9,Sp007,Sp003,1,1,3.3e-07,0.1686,0.0,0.0,0.0,0.0,1e-06,0.181566,0.0,0,-394.4538,-393.82658,9,0.27707461,0.1686,0.0015926299337135207
10,N4,Sp005,6,1,0.0121747,1e-08,0.0130891,0.0,0.032391590000000005,0.0,0.077715,1e-06,0.013237,0,-404.765699,-393.82658,9,0.27707461,0.1686,0.027776487305656225
11,Sp003,Sp005,1,1,0.1686,1e-08,0.0,0.0,0.0,0.0,0.23465,1e-06,0.0,0,-404.765699,-393.82658,9,0.27707461,0.1686,0.027776487305656225
