idx,S1,S2,ntaxa_S1,ntaxa_S2,bl_S1_b,bl_S2_b,maxBL_S1_b,maxBL_S2_b,cumBL_S1,cumBL_S2,bl_S1_a,bl_S2_a,maxBL_S1_a,maxBL_S2_a,ll_rearrs,ll_orig,ntaxa,tbl,maxBL,target
0,Sp001,Sp002,1,1,0.00064708,0.00714327,0.0,0.0,0.0,0.0,0.000651,0.012498,0.0,0.0,-4547.181107,-4532.28352,7,0.3672607400000001,0.110266,0.00328699361685131
1,Sp000,Sp002,1,1,0.00064626,0.00714327,0.0,0.0,0.0,0.0,0.000651,0.012498,0.0,0.0,-4547.181099,-4532.28352,7,0.3672607400000001,0.110266,0.003286991851736673
2,N6,N5,2,2,0.00545303,0.0446735,0.00064708,0.110266,0.00129334,0.1865667,0.005748,0.067677,0.00065,0.109472,-4565.730961,-4532.28352,7,0.3672607400000001,0.110266,0.007379820978189876
3,Sp002,N5,1,2,0.00714327,0.0446735,0.0,0.110266,0.0,0.1865667,0.007352,0.067677,0.0,0.109471,-4565.730853,-4532.28352,7,0.3672607400000001,0.110266,0.007379797149142177
4,Sp004,N4,1,3,0.110266,0.0282049,0.0,0.00714327,0.0,0.01388964,0.147623,0.033377,0.0,0.007249,-4573.473751,-4532.28352,7,0.3672607400000001,0.110266,0.009088184977448299
5,Sp003,N4,1,3,0.0763007,0.0282049,0.0,0.00714327,0.0,0.01388964,0.109612,0.031018,0.0,0.007236,-4571.676436,-4532.28352,7,0.3672607400000001,0.110266,0.008691626599741004
6,N4,Sp006,3,1,0.0282049,0.0101674,0.00714327,0.0,0.01388964,0.0,0.075113,0.012292,0.007157,0.0,-4629.281368,-4532.28352,7,0.3672607400000001,0.110266,0.021401540210794223
7,N5,Sp006,2,1,0.0446735,0.0101674,0.110266,0.0,0.1865667,0.0,0.079622,0.012291,0.114199,0.0,-4629.281459,-4532.28352,7,0.3672607400000001,0.110266,0.02140156028897324
