idx,S1,S2,ntaxa_S1,ntaxa_S2,bl_S1_b,bl_S2_b,maxBL_S1_b,maxBL_S2_b,cumBL_S1,cumBL_S2,bl_S1_a,bl_S2_a,maxBL_S1_a,maxBL_S2_a,ll_rearrs,ll_orig,ntaxa,tbl,maxBL,target
2,N10,Sp004,2,1,8e-08,0.00790468,0.00396767,0,0.00792801,0,1e-06,0.030329,0.003995,0,-2229.220966,-2186.06979,8,0.37228729,0.260084,0.01973915754995171
3,Sp007,Sp004,1,1,0.00263264,0.00790468,0.0,0,0.0,0,0.001036,0.030312,0.0,0,-2226.854986,-2186.06979,8,0.37228729,0.260084,0.018656859074933658
4,N8,Sp005,3,1,0.0222834,0.260084,0.00396767,0,0.010560729999999999,0,0.022162,0.269602,0.003971,0,-2189.119419,-2186.06979,8,0.37228729,0.260084,0.0013950281980705179
5,Sp004,Sp005,1,1,0.00790468,0.260084,0.0,0,0.0,0,0.007954,0.264752,0.0,0,-2188.062926,-2186.06979,8,0.37228729,0.260084,0.0009117439933150759
6,N6,Sp000,4,1,0.0120415,0.0140806,0.0222834,0,0.040748809999999996,0,0.030003,0.012159,0.022528,0,-2192.582592,-2186.06979,8,0.37228729,0.260084,0.002979228764695656
7,Sp005,Sp000,1,1,0.260084,0.0140806,0.0,0,0.0,0,0.275832,0.014847,0.0,0,-2193.124236,-2186.06979,8,0.37228729,0.260084,0.003226999445429461
8,N4,Sp003,5,1,0.0197757,0.00973589,0.260084,0,0.31287431,0,0.030378,0.01016,0.260295,0,-2204.470962,-2186.06979,8,0.37228729,0.260084,0.008417467769864686
9,Sp000,Sp003,1,1,0.0140806,0.00973589,0.0,0,0.0,0,0.023946,0.007285,0.0,0,-2200.655851,-2186.06979,8,0.37228729,0.260084,0.006672276002679664
