idx,S1,S2,ntaxa_S1,ntaxa_S2,bl_S1_b,bl_S2_b,maxBL_S1_b,maxBL_S2_b,cumBL_S1,cumBL_S2,bl_S1_a,bl_S2_a,maxBL_S1_a,maxBL_S2_a,ll_rearrs,ll_orig,ntaxa,tbl,maxBL,target
2,Sp023,Sp008,1,1,1e-08,1e-08,0.0,0.0,0.0,0.0,0.001896,1e-06,0.0,0,-822.864534,-816.50334,33,0.02352061000000004,0.00703313,0.007790775234305923
3,Sp000,Sp008,1,1,0.00189471,1e-08,0.0,0.0,0.0,0.0,0.003801,1e-06,0.0,0,-822.864534,-816.50334,33,0.02352061000000004,0.00703313,0.007790775234305923
6,Sp022,Sp004,1,1,1e-08,1e-08,0.0,0.0,0.0,0.0,1e-06,0.005724,0.0,0,-836.832088,-816.50334,33,0.02352061000000004,0.00703313,0.024897323751302745
7,Sp021,Sp004,1,1,1e-08,1e-08,0.0,0.0,0.0,0.0,1e-06,0.005724,0.0,0,-836.832088,-816.50334,33,0.02352061000000004,0.00703313,0.024897323751302745
58,N4,Sp030,30,1,2.3e-07,1e-08,0.0057084,0.0,0.009499649999999998,0.0,1e-06,1e-06,0.005709,0,-816.519288,-816.50334,33,0.02352061000000004,0.00703313,1.9532069519740498e-05
59,Sp001,Sp030,1,1,1e-08,1e-08,0.0,0.0,0.0,0.0,1e-06,1e-06,0.0,0,-816.519288,-816.50334,33,0.02352061000000004,0.00703313,1.9532069519740498e-05
