idx,S1,S2,ntaxa_S1,ntaxa_S2,bl_S1_b,bl_S2_b,maxBL_S1_b,maxBL_S2_b,cumBL_S1,cumBL_S2,bl_S1_a,bl_S2_a,maxBL_S1_a,maxBL_S2_a,ll_rearrs,ll_orig,ntaxa,tbl,maxBL,target
0,Sp002,Sp005,1,1,2.9e-07,0.00978979,0.0,0,0.0,0,1e-06,0.012309,0.0,0,-1517.740455,-1515.49638,7,0.24805352000000003,0.0837587,0.0014807524647469407
1,Sp006,Sp005,1,1,0.00173012,0.00978979,0.0,0,0.0,0,1e-06,0.012297,0.0,0,-1515.165417,-1515.49638,7,0.24805352000000003,0.0837587,-0.000218385873016807
2,N8,Sp004,2,1,0.00248844,0.0388109,0.00173012,0,0.00173041,0,0.00192,0.049003,0.001735,0,-1520.089459,-1515.49638,7,0.24805352000000003,0.0837587,0.0030307423103181474
3,Sp005,Sp004,1,1,0.00978979,0.0388109,0.0,0,0.0,0,0.006967,0.051674,0.0,0,-1522.844544,-1515.49638,7,0.24805352000000003,0.0837587,0.004848684627013096
4,N6,Sp000,3,1,0.0136241,0.045075,0.00978979,0,0.01400864,0,0.016166,0.069954,0.010416,0,-1530.813093,-1515.49638,7,0.24805352000000003,0.0837587,0.010106730179058518
5,Sp004,Sp000,1,1,0.0388109,0.045075,0.0,0,0.0,0,0.040011,0.070372,0.0,0,-1530.864331,-1515.49638,7,0.24805352000000003,0.0837587,0.010140539563677445
6,N4,Sp003,4,1,0.0316201,0.00308638,0.0388109,0,0.06644364,0,0.111957,0.003509,0.04005,0,-1588.61703,-1515.49638,7,0.24805352000000003,0.0837587,0.04824864708683769
7,Sp000,Sp003,1,1,0.045075,0.00308638,0.0,0,0.0,0,0.124749,0.004445,0.0,0,-1588.926546,-1515.49638,7,0.24805352000000003,0.0837587,0.048452881160956564
