idx,S1,S2,ntaxa_S1,ntaxa_S2,bl_S1_b,bl_S2_b,maxBL_S1_b,maxBL_S2_b,cumBL_S1,cumBL_S2,bl_S1_a,bl_S2_a,maxBL_S1_a,maxBL_S2_a,ll_rearrs,ll_orig,ntaxa,tbl,maxBL,target
34,N4,Sp017,18,1,1.97e-06,9.7e-07,0.0147514,0.0,0.02875454,0.0,1.1e-05,0.005856,0.014748,0,-307.850677,-306.6299,21,0.04347580000000002,0.0147514,0.003981271885096653
35,Sp010,Sp017,1,1,1e-08,9.7e-07,0.0,0.0,0.0,0.0,1e-06,0.005853,0.0,0,-307.850971,-306.6299,21,0.04347580000000002,0.0147514,0.00398223069570187
