idx,S1,S2,ntaxa_S1,ntaxa_S2,bl_S1_b,bl_S2_b,maxBL_S1_b,maxBL_S2_b,cumBL_S1,cumBL_S2,bl_S1_a,bl_S2_a,maxBL_S1_a,maxBL_S2_a,ll_rearrs,ll_orig,ntaxa,tbl,maxBL,target
16,N12,Sp015,9,1,1e-08,1e-08,1e-08,0,1.6000000000000003e-07,0,1e-06,0.008741,1e-06,0,-172.166814,-165.76144,16,0.008704899999999998,0.00870462,0.03864212328271276
17,Sp013,Sp015,1,1,1e-08,1e-08,0.0,0,0.0,0,1e-06,0.008741,0.0,0,-172.166814,-165.76144,16,0.008704899999999998,0.00870462,0.03864212328271276
