idx,S1,S2,ntaxa_S1,ntaxa_S2,bl_S1_b,bl_S2_b,maxBL_S1_b,maxBL_S2_b,cumBL_S1,cumBL_S2,bl_S1_a,bl_S2_a,maxBL_S1_a,maxBL_S2_a,ll_rearrs,ll_orig,ntaxa,tbl,maxBL,target
0,Sp002,Sp003,1,1,0.0248798,0.012536,0.0,0.0,0.0,0.0,0.029136,0.013257,0.0,0.0,-3821.393505,-3813.07815,7,0.21441287,0.0467976,0.0021807460201150562
1,Sp001,Sp003,1,1,0.0242397,0.012536,0.0,0.0,0.0,0.0,0.028183,0.01325,0.0,0.0,-3821.38338,-3813.07815,7,0.21441287,0.0467976,0.002178090685080869
2,Sp003,N5,1,2,0.012536,0.00501417,0.0,0.0312629,0.0,0.0624546,0.011925,0.005619,0.0,0.031327,-3813.398663,-3813.07815,7,0.21441287,0.0467976,8.405623682276722e-05
3,N7,N5,2,2,0.00519864,0.00501417,0.0248798,0.0312629,0.049119499999999996,0.0624546,0.005021,0.005554,0.025094,0.031413,-3813.345833,-3813.07815,7,0.21441287,0.0467976,7.020128868851892e-05
4,Sp005,N4,1,3,0.0312629,0.00149036,0.0,0.0248798,0.0,0.06685413999999999,0.03309,0.00262,0.0,0.024756,-3816.265156,-3813.07815,7,0.21441287,0.0467976,0.0008358092529522665
5,Sp000,N4,1,3,0.0311917,0.00149036,0.0,0.0248798,0.0,0.06685413999999999,0.031189,0.002329,0.0,0.024543,-3812.971481,-3813.07815,7,0.21441287,0.0467976,-2.7974511878227153e-05
6,N4,Sp006,3,1,0.00149036,0.0180021,0.0248798,0.0,0.06685413999999999,0.0,0.004977,0.027098,0.025566,0.0,-3834.506952,-3813.07815,7,0.21441287,0.0467976,0.005619817154809786
7,N5,Sp006,2,1,0.00501417,0.0180021,0.0312629,0.0,0.0624546,0.0,0.004642,0.026637,0.031796,0.0,-3831.003235,-3813.07815,7,0.21441287,0.0467976,0.004700948759731114
