idx,S1,S2,ntaxa_S1,ntaxa_S2,bl_S1_b,bl_S2_b,maxBL_S1_b,maxBL_S2_b,cumBL_S1,cumBL_S2,bl_S1_a,bl_S2_a,maxBL_S1_a,maxBL_S2_a,ll_rearrs,ll_orig,ntaxa,tbl,maxBL,target
24,N4,Sp009,6,1,1e-08,1e-08,1e-08,0.0,9.999999999999998e-08,0.0,1e-06,0.006693,1e-06,0,-220.061161,-213.74258,16,0.006673159999999998,0.00667288,0.029561639051984844
25,N5,Sp009,8,1,1e-08,1e-08,1e-08,0.0,1.4e-07,0.0,1e-06,0.006693,1e-06,0,-220.061161,-213.74258,16,0.006673159999999998,0.00667288,0.029561639051984844
