idx,S1,S2,ntaxa_S1,ntaxa_S2,bl_S1_b,bl_S2_b,maxBL_S1_b,maxBL_S2_b,cumBL_S1,cumBL_S2,bl_S1_a,bl_S2_a,maxBL_S1_a,maxBL_S2_a,ll_rearrs,ll_orig,ntaxa,tbl,maxBL,target
36,Sp047,Sp006,1,1,1e-08,1e-08,0.0,0.0,0.0,0.0,1e-06,0.010349,0.0,0,-159.91317,-153.1442,48,0.041027900000000055,0.0103,0.04419997623155167
37,N57,Sp006,19,1,2e-08,1e-08,0.0102327,0.0,0.010237239999999998,0.0,1e-06,0.010349,0.010261,0,-159.91317,-153.1442,48,0.041027900000000055,0.0103,0.04419997623155167
86,N6,Sp014,44,1,4.9e-07,1e-08,0.0103,0.0,0.03084215000000003,0.0,1e-06,1e-06,0.010301,0,-153.150516,-153.1442,48,0.041027900000000055,0.0103,4.1242175674940424e-05
87,Sp000,Sp014,1,1,1e-08,1e-08,0.0,0.0,0.0,0.0,1e-06,1e-06,0.0,0,-153.150516,-153.1442,48,0.041027900000000055,0.0103,4.1242175674940424e-05
88,N4,Sp020,45,1,0.00587433,1e-08,0.0103,0.0,0.03084265000000003,0.0,0.01022,1e-06,0.010301,0,-153.150516,-153.1442,48,0.041027900000000055,0.0103,4.1242175674940424e-05
89,Sp014,Sp020,1,1,1e-08,1e-08,0.0,0.0,0.0,0.0,1e-06,1e-06,0.0,0,-153.150516,-153.1442,48,0.041027900000000055,0.0103,4.1242175674940424e-05
