idx,S1,S2,ntaxa_S1,ntaxa_S2,bl_S1_b,bl_S2_b,maxBL_S1_b,maxBL_S2_b,cumBL_S1,cumBL_S2,bl_S1_a,bl_S2_a,maxBL_S1_a,maxBL_S2_a,ll_rearrs,ll_orig,ntaxa,tbl,maxBL,target
0,Sp002,Sp003,1,1,0.00074111,0.0112579,0.0,0.0,0.0,0.0,0.000744,0.021374,0.0,0.0,-3377.187333,-3338.49413,7,0.24374175999999997,0.124884,0.011590016784004294
1,Sp001,Sp003,1,1,9e-08,0.0112579,0.0,0.0,0.0,0.0,1e-06,0.021374,0.0,0.0,-3377.187329,-3338.49413,7,0.24374175999999997,0.124884,0.011590015585859311
2,Sp003,N5,1,2,0.0112579,0.0107577,0.0,0.0179794,0.0,0.02634897,0.012557,0.015836,0.0,0.017938,-3355.798168,-3338.49413,7,0.24374175999999997,0.124884,0.005183186588379523
3,N7,N5,2,2,0.00991007,0.0107577,0.00074111,0.0179794,0.0007412,0.02634897,0.01101,0.015881,0.000742,0.017974,-3355.56221,-3338.49413,7,0.24374175999999997,0.124884,0.005112508614774773
4,Sp004,N4,1,3,0.0179794,0.00679532,0.0,0.0112579,0.0,0.02190917,0.020943,0.013436,0.0,0.011202,-3365.696228,-3338.49413,7,0.24374175999999997,0.124884,0.008148014326447161
5,Sp000,N4,1,3,0.00836957,0.00679532,0.0,0.0112579,0.0,0.02190917,0.011681,0.013443,0.0,0.011202,-3365.695862,-3338.49413,7,0.24374175999999997,0.124884,0.008147904696181088
6,N4,Sp006,3,1,0.00679532,0.0396845,0.0112579,0.0,0.02190917,0.0,0.005826,0.052244,0.011282,0.0,-3346.839686,-3338.49413,7,0.24374175999999997,0.124884,0.002499796517539409
7,N5,Sp006,2,1,0.0107577,0.0396845,0.0179794,0.0,0.02634897,0.0,0.009964,0.05245,0.017917,0.0,-3346.825897,-3338.49413,7,0.24374175999999997,0.124884,0.002495666212239267
