idx,S1,S2,ntaxa_S1,ntaxa_S2,bl_S1_b,bl_S2_b,maxBL_S1_b,maxBL_S2_b,cumBL_S1,cumBL_S2,bl_S1_a,bl_S2_a,maxBL_S1_a,maxBL_S2_a,ll_rearrs,ll_orig,ntaxa,tbl,maxBL,target
0,Sp005,Sp007,1,1,0.00215989,0.00020721,0.0,0,0.0,0,0.002353,1e-06,0.0,0,-1270.556318,-1272.30156,9,0.02000971,0.0073603,-0.0013717203962244527
1,Sp003,Sp007,1,1,0.0073603,0.00020721,0.0,0,0.0,0,0.008343,1e-06,0.0,0,-1275.439736,-1272.30156,9,0.02000971,0.0073603,0.0024665347419678793
2,Sp007,Sp008,1,1,0.00020721,0.00116678,0.0,0,0.0,0,0.001774,0.00177,0.0,0,-1278.949873,-1272.30156,9,0.02000971,0.0073603,0.005225422344054907
3,N13,Sp008,2,1,0.00116357,0.00116678,0.0073603,0,0.00952019,0,0.001775,0.001744,0.008361,0,-1278.948363,-1272.30156,9,0.02000971,0.0073603,0.005224235518503854
8,N6,Sp001,5,1,6e-08,1e-08,0.0073603,0,0.015348899999999997,0,1e-06,0.001166,0.007277,0,-1278.640993,-1272.30156,9,0.02000971,0.0073603,0.004982649710812169
9,Sp002,Sp001,1,1,1e-08,1e-08,0.0,0,0.0,0,1e-06,0.001166,0.0,0,-1278.640993,-1272.30156,9,0.02000971,0.0073603,0.004982649710812169
10,N4,Sp006,6,1,0.00116488,0.00116473,0.0073603,0,0.015348969999999997,0,0.001238,0.002333,0.007302,0,-1278.274467,-1272.30156,9,0.02000971,0.0073603,0.004694568636699502
11,Sp001,Sp006,1,1,1e-08,0.00116473,0.0,0,0.0,0,1e-06,0.002333,0.0,0,-1278.272847,-1272.30156,9,0.02000971,0.0073603,0.004693295353658017
