idx,S1,S2,ntaxa_S1,ntaxa_S2,bl_S1_b,bl_S2_b,maxBL_S1_b,maxBL_S2_b,cumBL_S1,cumBL_S2,bl_S1_a,bl_S2_a,maxBL_S1_a,maxBL_S2_a,ll_rearrs,ll_orig,ntaxa,tbl,maxBL,target
22,N14,Sp007,12,1,1.1e-07,1e-08,0.0228438,0.0,0.022844230000000014,0.0,0.001115,1e-06,0.022856,0,-1326.179476,-1318.20339,20,0.02395839000000001,0.0228438,0.006050724843000232
23,Sp009,Sp007,1,1,1e-08,1e-08,0.0,0.0,0.0,0.0,0.001115,1e-06,0.0,0,-1326.179476,-1318.20339,20,0.02395839000000001,0.0228438,0.006050724843000232
