idx,S1,S2,ntaxa_S1,ntaxa_S2,bl_S1_b,bl_S2_b,maxBL_S1_b,maxBL_S2_b,cumBL_S1,cumBL_S2,bl_S1_a,bl_S2_a,maxBL_S1_a,maxBL_S2_a,ll_rearrs,ll_orig,ntaxa,tbl,maxBL,target
2,N8,Sp006,2,1,8e-08,0.00806583,0.00334031,0,0.00334032,0,1e-06,0.015308,0.003351,0,-1018.079047,-1005.90554,7,0.042156269999999996,0.0104814,0.012102037930917423
3,Sp004,Sp006,1,1,1e-08,0.00806583,0.0,0,0.0,0,1e-06,0.015308,0.0,0,-1018.07905,-1005.90554,7,0.042156269999999996,0.0104814,0.01210204091330492
4,N6,Sp005,3,1,0.00714461,0.00522023,0.00334031,0,0.00334041,0,0.008093,0.008163,0.003342,0,-1009.439328,-1005.90554,7,0.042156269999999996,0.0104814,0.003513041592354758
5,Sp006,Sp005,1,1,0.00806583,0.00522023,0.0,0,0.0,0,0.007535,0.007305,0.0,0,-1006.763003,-1005.90554,7,0.042156269999999996,0.0104814,0.0008524289467578164
6,N4,Sp001,4,1,0.00455916,1.1e-07,0.00806583,0,0.01855085,0,0.011912,1e-06,0.008458,0,-1020.993412,-1005.90554,7,0.042156269999999996,0.0104814,0.014999293074775254
7,Sp005,Sp001,1,1,0.00522023,1.1e-07,0.0,0,0.0,0,0.013601,1e-06,0.0,0,-1020.993417,-1005.90554,7,0.042156269999999996,0.0104814,0.014999298045420894
