idx,S1,S2,ntaxa_S1,ntaxa_S2,bl_S1_b,bl_S2_b,maxBL_S1_b,maxBL_S2_b,cumBL_S1,cumBL_S2,bl_S1_a,bl_S2_a,maxBL_S1_a,maxBL_S2_a,ll_rearrs,ll_orig,ntaxa,tbl,maxBL,target
18,N10,Sp014,10,1,1e-08,1e-08,1e-08,0,1.8000000000000005e-07,0,1e-06,0.008241,1e-06,0,-172.726437,-166.28636,16,0.008208319999999998,0.00820804,0.03872883500486752
19,Sp015,Sp014,1,1,1e-08,1e-08,0.0,0,0.0,0,1e-06,0.008241,0.0,0,-172.726437,-166.28636,16,0.008208319999999998,0.00820804,0.03872883500486752
