idx,S1,S2,ntaxa_S1,ntaxa_S2,bl_S1_b,bl_S2_b,maxBL_S1_b,maxBL_S2_b,cumBL_S1,cumBL_S2,bl_S1_a,bl_S2_a,maxBL_S1_a,maxBL_S2_a,ll_rearrs,ll_orig,ntaxa,tbl,maxBL,target
4,N12,Sp004,3,1,1.5e-07,1e-08,0.00260712,0.0,0.00260744,0.0,1e-06,0.002619,0.00261,0.0,-766.759617,-759.55945,10,0.11749515999999996,0.0568266,0.009479398880495897
5,Sp002,Sp004,1,1,1e-08,1e-08,0.0,0.0,0.0,0.0,1e-06,0.002619,0.0,0.0,-766.759607,-759.55945,10,0.11749515999999996,0.0568266,0.009479385714969368
8,Sp009,N6,1,5,0.00272903,1.3e-07,0.0,0.00260712,0.0,0.00516686,0.002733,0.002565,0.0,0.002611,-761.240751,-759.55945,10,0.11749515999999996,0.0568266,0.002213521272100658
9,Sp005,N6,1,5,1e-08,1.3e-07,0.0,0.00260712,0.0,0.00516686,1e-06,0.002565,0.0,0.002611,-761.240777,-759.55945,10,0.11749515999999996,0.0568266,0.002213555502469241
10,N6,Sp006,5,1,1.3e-07,0.0568266,0.00260712,0.0,0.00516686,0.0,1e-06,0.06104,0.00261,0.0,-760.740504,-759.55945,10,0.11749515999999996,0.0568266,0.001554919763028447
11,N7,Sp006,2,1,0.00256005,0.0568266,0.00272903,0.0,0.00272904,0.0,1e-06,0.061029,0.002731,0.0,-759.556148,-759.55945,10,0.11749515999999996,0.0568266,-4.3472568209932625e-06
12,N4,Sp008,7,1,0.00373628,0.0231228,0.00272903,0.0,0.010456079999999998,0.0,0.010306,0.029092,0.002737,0.0,-766.506157,-759.55945,10,0.11749515999999996,0.0568266,0.009145705448072644
13,Sp006,Sp008,1,1,0.0568266,0.0231228,0.0,0.0,0.0,0.0,0.056536,0.027234,0.0,0.0,-763.410058,-759.55945,10,0.11749515999999996,0.0568266,0.005069528132393165
