idx,S1,S2,ntaxa_S1,ntaxa_S2,bl_S1_b,bl_S2_b,maxBL_S1_b,maxBL_S2_b,cumBL_S1,cumBL_S2,bl_S1_a,bl_S2_a,maxBL_S1_a,maxBL_S2_a,ll_rearrs,ll_orig,ntaxa,tbl,maxBL,target
4,Sp002,N8,1,3,0.0136837,1.8e-07,0.0,1.3e-07,0.0,1.6e-07,0.013682,1e-06,0.0,1e-06,-1214.200306,-1214.15348,10,0.15408788999999998,0.054259,3.8566788113155205e-05
5,Sp001,N8,1,3,0.0064031,1.8e-07,0.0,1.3e-07,0.0,1.6e-07,0.007679,1e-06,0.0,1e-06,-1214.214481,-1214.15348,10,0.15408788999999998,0.054259,5.024158889700909e-05
6,N8,N7,3,2,1.8e-07,0.00549681,1.3e-07,0.054259,1.6e-07,0.0748714,0.004282,0.012596,1e-06,0.054695,-1227.102696,-1214.15348,10,0.15408788999999998,0.054259,0.010665221665386141
7,N9,N7,2,2,0.00316376,0.00549681,0.0136837,0.054259,0.020086800000000002,0.0748714,0.00353,0.012568,0.013877,0.054696,-1227.102647,-1214.15348,10,0.15408788999999998,0.054259,0.010665181308050107
8,Sp008,N6,1,5,0.054259,0.010199,0.0,0.0136837,0.0,0.023250899999999998,0.056336,0.010926,0.0,0.013682,-1215.764421,-1214.15348,10,0.15408788999999998,0.054259,0.0013268017812707988
9,Sp000,N6,1,5,0.0206124,0.010199,0.0,0.0136837,0.0,0.023250899999999998,0.024994,0.011242,0.0,0.013695,-1216.406858,-1214.15348,10,0.15408788999999998,0.054259,0.0018559251668908545
10,N6,Sp009,5,1,0.010199,0.0234273,0.0136837,0.0,0.023250899999999998,0.0,0.01661,0.02396,0.013704,0.0,-1227.699921,-1214.15348,10,0.15408788999999998,0.054259,0.011157107584125163
11,N7,Sp009,2,1,0.00549681,0.0234273,0.054259,0.0,0.0748714,0.0,0.010532,0.025387,0.054044,0.0,-1229.578673,-1214.15348,10,0.15408788999999998,0.054259,0.012704483620966961
