idx,S1,S2,ntaxa_S1,ntaxa_S2,bl_S1_b,bl_S2_b,maxBL_S1_b,maxBL_S2_b,cumBL_S1,cumBL_S2,bl_S1_a,bl_S2_a,maxBL_S1_a,maxBL_S2_a,ll_rearrs,ll_orig,ntaxa,tbl,maxBL,target
0,Sp004,Sp005,1,1,1e-08,1e-08,0.0,0.0,0.0,0.0,0.001982,1e-06,0.0,0.0,-1761.525754,-1753.6743,8,0.04768060000000001,0.0181269,0.00447714492936351
1,Sp001,Sp005,1,1,1e-08,1e-08,0.0,0.0,0.0,0.0,0.001982,1e-06,0.0,0.0,-1761.525754,-1753.6743,8,0.04768060000000001,0.0181269,0.00447714492936351
4,N6,N5,3,2,6e-08,0.00384969,0.00198064,0.00204788,0.00198067,0.00399915,1e-06,0.009874,0.00198,0.002056,-1772.792272,-1753.6743,8,0.04768060000000001,0.0181269,0.010901666290028889
5,Sp006,N5,1,2,1e-08,0.00384969,0.0,0.00204788,0.0,0.00399915,1e-06,0.009874,0.0,0.002056,-1772.792272,-1753.6743,8,0.04768060000000001,0.0181269,0.010901666290028889
6,Sp002,N4,1,4,0.00204788,0.00597216,0.0,0.00198064,0.0,0.00198074,0.002155,0.009793,0.0,0.001981,-1763.047583,-1753.6743,8,0.04768060000000001,0.0181269,0.005344939479354934
7,Sp000,N4,1,4,0.00195127,0.00597216,0.0,0.00198064,0.0,0.00198074,0.002009,0.009793,0.0,0.001981,-1763.048048,-1753.6743,8,0.04768060000000001,0.0181269,0.005345204636915878
8,N4,Sp007,4,1,0.00597216,0.00994659,0.00198064,0.0,0.00198074,0.0,0.007239,0.026902,0.001993,0.0,-1824.878707,-1753.6743,8,0.04768060000000001,0.0181269,0.04060298254926823
9,N5,Sp007,2,1,0.00384969,0.00994659,0.00204788,0.0,0.00399915,0.0,0.004973,0.026902,0.002215,0.0,-1824.878301,-1753.6743,8,0.04768060000000001,0.0181269,0.04060275103535478
