idx,S1,S2,ntaxa_S1,ntaxa_S2,bl_S1_b,bl_S2_b,maxBL_S1_b,maxBL_S2_b,cumBL_S1,cumBL_S2,bl_S1_a,bl_S2_a,maxBL_S1_a,maxBL_S2_a,ll_rearrs,ll_orig,ntaxa,tbl,maxBL,target
10,Sp008,N10,1,3,1e-08,5.1e-07,0.0,0.101418,0.0,0.12697727,1e-06,0.00838,0.0,0.101574,-437.508974,-432.49996,12,0.28114153,0.101418,0.011581536331240438
11,Sp007,N10,1,3,3.9e-07,5.1e-07,0.0,0.101418,0.0,0.12697727,1e-06,0.00838,0.0,0.101574,-437.508974,-432.49996,12,0.28114153,0.101418,0.011581536331240438
12,N10,N6,3,4,5.1e-07,3.6e-07,0.101418,0.0345368,0.12697727,0.05128338,1e-06,0.008389,0.101573,0.034607,-438.144727,-432.49996,12,0.28114153,0.101418,0.013051485600137401
13,N11,N6,2,4,0.00835636,3.6e-07,3.9e-07,0.0345368,4.0000000000000003e-07,0.05128338,0.016927,1e-06,1e-06,0.034595,-437.697483,-432.49996,12,0.28114153,0.101418,0.012017395331088561
16,N4,Sp009,9,1,9.2e-07,0.0170862,0.101418,0.0,0.19497982000000005,0.0,0.018741,0.023518,0.101731,0.0,-439.047187,-432.49996,12,0.28114153,0.101418,0.015138098509881992
17,Sp001,Sp009,1,1,0.0436047,0.0170862,0.0,0.0,0.0,0.0,0.053056,0.017095,0.0,0.0,-436.310386,-432.49996,12,0.28114153,0.101418,0.008810234340830938
