idx,S1,S2,ntaxa_S1,ntaxa_S2,bl_S1_b,bl_S2_b,maxBL_S1_b,maxBL_S2_b,cumBL_S1,cumBL_S2,bl_S1_a,bl_S2_a,maxBL_S1_a,maxBL_S2_a,ll_rearrs,ll_orig,ntaxa,tbl,maxBL,target
12,N18,Sp006,7,1,1e-08,0.0235239,1e-08,0,1.2e-07,0,1e-06,0.026795,1e-06,0,-564.519287,-562.55498,17,0.041446040000000024,0.0235239,0.003491760040947398
13,Sp014,Sp006,1,1,1e-08,0.0235239,0.0,0,0.0,0,1e-06,0.026795,0.0,0,-564.519287,-562.55498,17,0.041446040000000024,0.0235239,0.003491760040947398
14,N16,Sp016,8,1,0.00367226,1e-08,1e-08,0,1.4e-07,0,0.017761,1e-06,1e-06,0,-576.533968,-562.55498,17,0.041446040000000024,0.0235239,0.02484910541543861
15,Sp006,Sp016,1,1,0.0235239,1e-08,0.0,0,0.0,0,0.036266,1e-06,0.0,0,-576.533968,-562.55498,17,0.041446040000000024,0.0235239,0.02484910541543861
