idx,S1,S2,ntaxa_S1,ntaxa_S2,bl_S1_b,bl_S2_b,maxBL_S1_b,maxBL_S2_b,cumBL_S1,cumBL_S2,bl_S1_a,bl_S2_a,maxBL_S1_a,maxBL_S2_a,ll_rearrs,ll_orig,ntaxa,tbl,maxBL,target
14,Sp022,N20,1,7,0.00123201,6e-08,0.0,0.00123183,0.0,0.0012322499999999996,0.002469,1e-06,0.0,0.001232,-1320.615186,-1313.80634,23,0.031889810000000025,0.00619503,0.0051825339798557395
15,N27,N20,2,7,6e-08,6e-08,0.00246854,0.00123183,0.00370104,0.0012322499999999996,0.001233,1e-06,0.002472,0.001232,-1320.615186,-1313.80634,23,0.031889810000000025,0.00619503,0.0051825339798557395
22,Sp020,N18,1,10,1e-08,8e-08,0.0,0.00246854,0.0,0.007397599999999999,1e-06,0.001233,0.0,0.00247,-1322.150999,-1313.80634,23,0.031889810000000025,0.00619503,0.006351513724617788
23,N23,N18,3,10,1e-08,8e-08,1e-08,0.00246854,4e-08,0.007397599999999999,1e-06,0.001233,1e-06,0.00247,-1322.150999,-1313.80634,23,0.031889810000000025,0.00619503,0.006351513724617788
32,N12,N8,2,16,8e-08,7e-08,1e-08,0.00246854,2e-08,0.011093729999999998,0.001233,1e-06,1e-06,0.00247,-1320.114234,-1313.80634,23,0.031889810000000025,0.00619503,0.004801235774216012
33,Sp008,N8,1,16,0.00370468,7e-08,0.0,0.00246854,0.0,0.011093729999999998,0.004951,1e-06,0.0,0.00247,-1320.114234,-1313.80634,23,0.031889810000000025,0.00619503,0.004801235774216012
38,N4,Sp006,20,1,1.7e-07,0.0024717,0.00619503,0.0,0.022225409999999998,0.0,0.003556,0.002626,0.006198,0.0,-1319.733135,-1313.80634,23,0.031889810000000025,0.00619503,0.004511163342384127
39,Sp013,Sp006,1,1,0.00225005,0.0024717,0.0,0.0,0.0,0.0,0.004225,0.002627,0.0,0.0,-1319.733187,-1313.80634,23,0.031889810000000025,0.00619503,0.004511202922037925
