idx,S1,S2,ntaxa_S1,ntaxa_S2,bl_S1_b,bl_S2_b,maxBL_S1_b,maxBL_S2_b,cumBL_S1,cumBL_S2,bl_S1_a,bl_S2_a,maxBL_S1_a,maxBL_S2_a,ll_rearrs,ll_orig,ntaxa,tbl,maxBL,target
26,N10,N9,14,11,1e-08,3.1e-07,1e-08,1e-08,2.600000000000001e-07,2.0000000000000007e-07,1e-06,0.005982,1e-06,1e-06,-1249.146806,-1241.30852,30,0.12292855999999976,0.108056,0.006314534923195343
27,Sp023,N9,1,11,1e-08,3.1e-07,0.0,1e-08,0.0,2.0000000000000007e-07,1e-06,0.005982,0.0,1e-06,-1249.146806,-1241.30852,30,0.12292855999999976,0.108056,0.006314534923195343
48,N8,Sp024,15,1,0.00596751,0.00612426,1e-08,0.0,2.800000000000001e-07,0.0,0.006156,0.119969,1e-06,0.0,-1461.049285,-1241.30852,30,0.12292855999999976,0.108056,0.17702348889057815
49,N9,Sp024,11,1,3.1e-07,0.00612426,1e-08,0.0,2.0000000000000007e-07,0.0,1e-06,0.11997,1e-06,0.0,-1461.049284,-1241.30852,30,0.12292855999999976,0.108056,0.17702348808497656
50,N6,Sp010,26,1,0.108056,1e-08,0.00596751,0.0,0.005968299999999999,0.0,0.11115,1e-06,0.005973,0.0,-1243.172693,-1241.30852,30,0.12292855999999976,0.108056,0.001501780556537175
51,Sp024,Sp010,1,1,0.00612426,1e-08,0.0,0.0,0.0,0.0,0.008926,1e-06,0.0,0.0,-1243.172693,-1241.30852,30,0.12292855999999976,0.108056,0.001501780556537175
