idx,S1,S2,ntaxa_S1,ntaxa_S2,bl_S1_b,bl_S2_b,maxBL_S1_b,maxBL_S2_b,cumBL_S1,cumBL_S2,bl_S1_a,bl_S2_a,maxBL_S1_a,maxBL_S2_a,ll_rearrs,ll_orig,ntaxa,tbl,maxBL,target
64,N28,Sp014,33,1,4.5e-07,1e-08,0.0103516,0.0,0.01035546,0.0,1e-06,1e-06,0.010352,0,-165.469211,-165.46273,48,0.05179533000000012,0.0208381,3.916894154960427e-05
65,Sp000,Sp014,1,1,1e-08,1e-08,0.0,0.0,0.0,0.0,1e-06,1e-06,0.0,0,-165.469211,-165.46273,48,0.05179533000000012,0.0208381,3.916894154960427e-05
66,N26,Sp027,34,1,0.00519043,1e-08,0.0103516,0.0,0.010355920000000001,0.0,0.010323,1e-06,0.010352,0,-165.469211,-165.46273,48,0.05179533000000012,0.0208381,3.916894154960427e-05
67,Sp014,Sp027,1,1,1e-08,1e-08,0.0,0.0,0.0,0.0,1e-06,1e-06,0.0,0,-165.469211,-165.46273,48,0.05179533000000012,0.0208381,3.916894154960427e-05
