idx,S1,S2,ntaxa_S1,ntaxa_S2,bl_S1_b,bl_S2_b,maxBL_S1_b,maxBL_S2_b,cumBL_S1,cumBL_S2,bl_S1_a,bl_S2_a,maxBL_S1_a,maxBL_S2_a,ll_rearrs,ll_orig,ntaxa,tbl,maxBL,target
40,N60,Sp049,21,1,2.5e-07,1e-08,0.00510466,0.0,0.010212309999999999,0.0,1e-06,0.00512,0.005113,0.0,-349.150559,-342.01319,52,0.05113612000000007,0.0102789,0.020868695151786333
41,Sp032,Sp049,1,1,1e-08,1e-08,0.0,0.0,0.0,0.0,1e-06,0.00512,0.0,0.0,-349.15056,-342.01319,52,0.05113612000000007,0.0102789,0.020868698075650168
92,Sp048,N6,1,36,1e-08,5.8e-07,0.0,0.00510845,0.0,0.020436080000000006,1e-06,0.005106,0.0,0.005109,-342.114029,-342.01319,52,0.05113612000000007,0.0102789,0.0002948395060436344
93,N11,N6,12,36,8e-08,5.8e-07,0.0102789,0.00510845,0.01539433,0.020436080000000006,1e-06,0.005106,0.01028,0.005109,-342.114029,-342.01319,52,0.05113612000000007,0.0102789,0.0002948395060436344
94,N6,Sp014,36,1,5.8e-07,1e-08,0.00510845,0.0,0.020436080000000006,0.0,1e-06,1e-06,0.005109,0.0,-342.027524,-342.01319,52,0.05113612000000007,0.0102789,4.19106643226812e-05
95,N7,Sp014,13,1,0.00510622,1e-08,0.0102789,0.0,0.015394419999999999,0.0,0.005107,1e-06,0.01028,0.0,-342.027719,-342.01319,52,0.05113612000000007,0.0102789,4.248081777191636e-05
96,N4,Sp020,49,1,0.00436791,0.00510492,0.0102789,0.0,0.0409373,0.0,0.005102,0.005104,0.010279,0.0,-342.027524,-342.01319,52,0.05113612000000007,0.0102789,4.19106643226812e-05
97,Sp014,Sp020,1,1,1e-08,0.00510492,0.0,0.0,0.0,0.0,1e-06,0.005105,0.0,0.0,-342.027719,-342.01319,52,0.05113612000000007,0.0102789,4.248081777191636e-05
