idx,S1,S2,ntaxa_S1,ntaxa_S2,bl_S1_b,bl_S2_b,maxBL_S1_b,maxBL_S2_b,cumBL_S1,cumBL_S2,bl_S1_a,bl_S2_a,maxBL_S1_a,maxBL_S2_a,ll_rearrs,ll_orig,ntaxa,tbl,maxBL,target
0,Sp003,Sp004,1,1,0.0288563,0.00356999,0.0,0.0,0.0,0.0,0.031576,0.004419,0.0,0.0,-2341.632519,-2333.14605,7,0.27895008,0.211858,0.003637350092164159
1,Sp000,Sp004,1,1,0.00634172,0.00356999,0.0,0.0,0.0,0.0,0.008953,0.003253,0.0,0.0,-2338.618511,-2333.14605,7,0.27895008,0.211858,0.002345528690756541
2,N6,N5,2,2,0.0046385,0.00214167,0.0288563,0.00841316,0.035198020000000003,0.00841317,0.004637,0.009895,0.029131,0.007951,-2337.248449,-2333.14605,7,0.27895008,0.211858,0.0017583121296672931
3,Sp004,N5,1,2,0.00356999,0.00214167,0.0,0.00841316,0.0,0.00841317,0.003841,0.009895,0.0,0.007951,-2337.248652,-2333.14605,7,0.27895008,0.211858,0.0017583991366508704
4,Sp002,N4,1,3,0.00841316,0.00772875,0.0,0.0288563,0.0,0.04340651,0.00764,0.009824,0.0,0.028809,-2333.415787,-2333.14605,7,0.27895008,0.211858,0.00011561085085096897
5,Sp001,N4,1,3,1e-08,0.00772875,0.0,0.0288563,0.0,0.04340651,1e-06,0.009814,0.0,0.028811,-2333.557924,-2333.14605,7,0.27895008,0.211858,0.00017653159775417947
6,N4,Sp006,3,1,0.00772875,0.0054018,0.0288563,0.0,0.04340651,0.0,0.007261,0.20485,0.029101,0.0,-2606.11386,-2333.14605,7,0.27895008,0.211858,0.11699559485356698
7,N5,Sp006,2,1,0.00214167,0.0054018,0.00841316,0.0,0.00841317,0.0,0.002697,0.204853,0.008634,0.0,-2606.113857,-2333.14605,7,0.27895008,0.211858,0.11699559356774944
