idx,S1,S2,ntaxa_S1,ntaxa_S2,bl_S1_b,bl_S2_b,maxBL_S1_b,maxBL_S2_b,cumBL_S1,cumBL_S2,bl_S1_a,bl_S2_a,maxBL_S1_a,maxBL_S2_a,ll_rearrs,ll_orig,ntaxa,tbl,maxBL,target
8,N10,N6,3,3,1.4e-07,2.6e-07,0.00220944,0.0157494,0.00220986,0.0179642,1e-06,0.002215,0.002211,0.015763,-698.001584,-690.7537,10,0.04265407000000001,0.0180558,0.010492718316239203
9,Sp002,N6,1,3,1e-08,2.6e-07,0.0,0.0157494,0.0,0.0179642,1e-06,0.002215,0.0,0.015763,-698.001575,-690.7537,10,0.04265407000000001,0.0180558,0.010492705286993066
12,N4,Sp009,7,1,1.4e-07,2.5e-07,0.0157494,0.0,0.022386609999999998,0.0,0.018171,1e-06,0.015853,0.0,-729.869186,-690.7537,10,0.04265407000000001,0.0180558,0.056627255127261765
13,Sp004,Sp009,1,1,0.00221126,2.5e-07,0.0,0.0,0.0,0.0,0.020487,1e-06,0.0,0.0,-729.869235,-690.7537,10,0.04265407000000001,0.0180558,0.05662732606426867
