idx,S1,S2,ntaxa_S1,ntaxa_S2,bl_S1_b,bl_S2_b,maxBL_S1_b,maxBL_S2_b,cumBL_S1,cumBL_S2,bl_S1_a,bl_S2_a,maxBL_S1_a,maxBL_S2_a,ll_rearrs,ll_orig,ntaxa,tbl,maxBL,target
0,Sp011,N15,1,4,1e-08,7e-08,0.0,0.00391491,0.0,0.0077621899999999995,1e-06,0.00127,0.0,0.003917,-1236.345008,-1229.76253,13,0.02559579,0.00511601,0.005352641538037459
1,Sp009,N15,1,4,0.00126946,7e-08,0.0,0.00391491,0.0,0.0077621899999999995,0.00127,0.00127,0.0,0.003917,-1236.345008,-1229.76253,13,0.02559579,0.00511601,0.005352641538037459
8,N14,Sp005,2,1,0.00126946,0.00254743,0.00126946,0.0,0.00126947,0.0,0.00127,0.003823,0.00127,0.0,-1234.43931,-1229.76253,13,0.02559579,0.00511601,0.0038029943878677194
9,N15,Sp005,4,1,7e-08,0.00254743,0.00391491,0.0,0.0077621899999999995,0.0,1e-06,0.003823,0.003916,0.0,-1234.439309,-1229.76253,13,0.02559579,0.00511601,0.00380299357470269
10,N12,Sp003,6,1,0.00127046,1e-08,0.00391491,0.0,0.01030119,0.0,0.002546,1e-06,0.003916,0.0,-1234.79925,-1229.76253,13,0.02559579,0.00511601,0.004095685042542367
11,Sp005,Sp003,1,1,0.00254743,1e-08,0.0,0.0,0.0,0.0,0.003824,1e-06,0.0,0.0,-1234.79925,-1229.76253,13,0.02559579,0.00511601,0.004095685042542367
18,N4,Sp006,10,1,8e-08,0.00511601,0.00391491,0.0,0.01793585,0.0,1e-06,0.006397,0.003916,0.0,-1233.903105,-1229.76253,13,0.02559579,0.00511601,0.00336697118263973
19,Sp008,Sp006,1,1,1e-08,0.00511601,0.0,0.0,0.0,0.0,1e-06,0.006397,0.0,0.0,-1233.903105,-1229.76253,13,0.02559579,0.00511601,0.00336697118263973
