idx,S1,S2,ntaxa_S1,ntaxa_S2,bl_S1_b,bl_S2_b,maxBL_S1_b,maxBL_S2_b,cumBL_S1,cumBL_S2,bl_S1_a,bl_S2_a,maxBL_S1_a,maxBL_S2_a,ll_rearrs,ll_orig,ntaxa,tbl,maxBL,target
10,Sp017,N33,1,4,0.00085661,0.00078267,0.0,0.00369278,0.0,0.0065575699999999995,0.001811,0.000746,0.0,0.003693,-864.299593,-864.28469,23,0.0319249,0.00625761,1.7243160931155552e-05
11,Sp012,N33,1,4,0.00625761,0.00078267,0.0,0.00369278,0.0,0.0065575699999999995,0.006258,0.000747,0.0,0.003693,-864.300148,-864.28469,23,0.0319249,0.00625761,1.7885310452601647e-05
14,Sp011,Sp013,1,1,1e-08,1e-08,0.0,0.0,0.0,0.0,1e-06,1e-06,0.0,0.0,-864.306566,-864.28469,23,0.0319249,0.00625761,2.5311104376985105e-05
15,N41,Sp013,2,1,1e-07,1e-08,0.00369278,0.0,0.005519,0.0,1e-06,1e-06,0.003693,0.0,-864.306567,-864.28469,23,0.0319249,0.00625761,2.531226140314679e-05
16,Sp013,N32,1,2,1e-08,0.00095586,0.0,0.00625761,0.0,0.00711422,1e-06,0.000948,0.0,0.006258,-864.296898,-864.28469,23,0.0319249,0.00625761,1.4124975417649228e-05
17,N39,N32,3,2,0.00103845,0.00095586,0.00369278,0.00625761,0.00551911,0.00711422,0.001822,0.000947,0.003693,0.006258,-864.296344,-864.28469,23,0.0319249,0.00625761,1.3483982922364818e-05
36,N6,Sp008,19,1,8e-08,1e-08,0.00625761,0.0,0.024656769999999998,0.0,1e-06,0.001832,0.006261,0.0,-871.785956,-864.28469,23,0.0319249,0.00625761,0.008679161029683519
37,Sp010,Sp008,1,1,1e-08,1e-08,0.0,0.0,0.0,0.0,1e-06,0.001832,0.0,0.0,-871.785958,-864.28469,23,0.0319249,0.00625761,0.008679163343735842
