idx,S1,S2,ntaxa_S1,ntaxa_S2,bl_S1_b,bl_S2_b,maxBL_S1_b,maxBL_S2_b,cumBL_S1,cumBL_S2,bl_S1_a,bl_S2_a,maxBL_S1_a,maxBL_S2_a,ll_rearrs,ll_orig,ntaxa,tbl,maxBL,target
2,N22,Sp011,2,1,2.5e-07,1e-08,2.3e-07,0,2.4e-07,0,1e-06,0.001839,1e-06,0,-1112.501499,-1104.61277,14,0.17148813,0.169502,0.007141623937590376
3,Sp008,Sp011,1,1,1e-08,1e-08,0.0,0,0.0,0,1e-06,0.00184,0.0,0,-1112.50149,-1104.61277,14,0.17148813,0.169502,0.007141615789938902
14,N10,Sp004,8,1,1e-07,1e-08,0.00198502,0,0.0019859399999999994,0,1e-06,0.170821,0.002035,0,-1372.203937,-1104.61277,14,0.17148813,0.169502,0.24224884436199307
15,Sp006,Sp004,1,1,1e-08,1e-08,0.0,0,0.0,0,1e-06,0.170821,0.0,0,-1372.203937,-1104.61277,14,0.17148813,0.169502,0.24224884436199307
