idx,S1,S2,ntaxa_S1,ntaxa_S2,bl_S1_b,bl_S2_b,maxBL_S1_b,maxBL_S2_b,cumBL_S1,cumBL_S2,bl_S1_a,bl_S2_a,maxBL_S1_a,maxBL_S2_a,ll_rearrs,ll_orig,ntaxa,tbl,maxBL,target
12,N14,N13,7,2,8e-08,1e-08,0.00122808,1e-08,0.00245651,2e-08,1e-06,0.003702,0.00123,1e-06,-1195.672176,-1174.51427,16,0.008609509999999999,0.00369533,0.01801417534075609
13,Sp001,N13,1,2,1e-08,1e-08,0.0,1e-08,0.0,2e-08,1e-06,0.003702,0.0,1e-06,-1195.672176,-1174.51427,16,0.008609509999999999,0.00369533,0.01801417534075609
22,N6,Sp014,12,1,6e-08,1e-08,0.00369533,0.0,0.00615214,0.0,1e-06,0.001229,0.003697,0.0,-1182.537964,-1174.51427,16,0.008609509999999999,0.00369533,0.006831499799487498
23,Sp002,Sp014,1,1,1e-08,1e-08,0.0,0.0,0.0,0.0,1e-06,0.001229,0.0,0.0,-1182.537964,-1174.51427,16,0.008609509999999999,0.00369533,0.006831499799487498
