idx,S1,S2,ntaxa_S1,ntaxa_S2,bl_S1_b,bl_S2_b,maxBL_S1_b,maxBL_S2_b,cumBL_S1,cumBL_S2,bl_S1_a,bl_S2_a,maxBL_S1_a,maxBL_S2_a,ll_rearrs,ll_orig,ntaxa,tbl,maxBL,target
0,Sp001,Sp002,1,1,0.00538397,0.0229512,0.0,0.0,0.0,0.0,0.005224,0.040719,0.0,0.0,-7206.746578,-7159.60491,7,0.83703213,0.603809,0.006584395171604547
1,Sp000,Sp002,1,1,0.00483029,0.0229512,0.0,0.0,0.0,0.0,0.004818,0.040716,0.0,0.0,-7206.834359,-7159.60491,7,0.83703213,0.603809,0.006596655764347252
2,N6,N5,2,2,0.0176495,0.0250568,0.00538397,0.0521812,0.01021426,0.1001194,0.017894,0.073921,0.005396,0.052303,-7177.836821,-7159.60491,7,0.83703213,0.603809,0.002546496801036449
3,Sp002,N5,1,2,0.0229512,0.0250568,0.0,0.0521812,0.0,0.1001194,0.018748,0.073875,0.0,0.052278,-7177.137173,-7159.60491,7,0.83703213,0.603809,0.0024487752076252567
4,Sp004,N4,1,3,0.0521812,0.0487065,0.0,0.0229512,0.0,0.05081496,0.051951,0.073531,0.0,0.023082,-7164.617816,-7159.60491,7,0.83703213,0.603809,0.0007001651715443513
5,Sp003,N4,1,3,0.0479382,0.0487065,0.0,0.0229512,0.0,0.05081496,0.045398,0.073465,0.0,0.023099,-7164.479125,-7159.60491,7,0.83703213,0.603809,0.0006807938512349869
6,N4,Sp006,3,1,0.0487065,0.00420002,0.0229512,0.0,0.05081496,0.0,0.611408,0.004244,0.022453,0.0,-8185.418471,-7159.60491,7,0.83703213,0.603809,0.1432779565206483
7,N5,Sp006,2,1,0.0250568,0.00420002,0.0521812,0.0,0.1001194,0.0,0.587133,0.004245,0.056831,0.0,-8185.419966,-7159.60491,7,0.83703213,0.603809,0.14327816533105323
