idx,S1,S2,ntaxa_S1,ntaxa_S2,bl_S1_b,bl_S2_b,maxBL_S1_b,maxBL_S2_b,cumBL_S1,cumBL_S2,bl_S1_a,bl_S2_a,maxBL_S1_a,maxBL_S2_a,ll_rearrs,ll_orig,ntaxa,tbl,maxBL,target
0,Sp003,Sp004,1,1,0.00164047,0.0194591,0.0,0.0,0.0,0.0,0.001638,0.023636,0.0,0.0,-6537.609521,-6518.45121,7,0.1613887,0.0462274,0.0029390894221328597
1,Sp000,Sp004,1,1,0.00042819,0.0194591,0.0,0.0,0.0,0.0,0.000344,0.02303,0.0,0.0,-6532.774935,-6518.45121,7,0.1613887,0.0462274,0.002197412320587147
2,N6,N5,2,2,0.00429659,0.0111672,0.00164047,0.00138042,0.00206866,0.00138045,0.004836,0.020548,0.001726,0.001382,-6562.228849,-6518.45121,7,0.1613887,0.0462274,0.006715957148354556
3,Sp004,N5,1,2,0.0194591,0.0111672,0.0,0.00138042,0.0,0.00138045,0.017738,0.021351,0.0,0.00138,-6560.238547,-6518.45121,7,0.1613887,0.0462274,0.006410623575105313
4,Sp006,N4,1,3,3e-08,0.011474,0.0,0.0194591,0.0,0.02582435,1e-06,0.02187,0.0,0.018539,-6562.116556,-6518.45121,7,0.1613887,0.0462274,0.00669873020342815
5,Sp005,N4,1,3,0.00138042,0.011474,0.0,0.0194591,0.0,0.02582435,0.001383,0.02187,0.0,0.018539,-6562.115194,-6518.45121,7,0.1613887,0.0462274,0.006698521258088821
6,N4,Sp002,3,1,0.011474,0.0419485,0.0194591,0.0,0.02582435,0.0,0.009182,0.061892,0.019336,0.0,-6594.13455,-6518.45121,7,0.1613887,0.0462274,0.011610632274717845
7,N5,Sp002,2,1,0.0111672,0.0419485,0.00138042,0.0,0.00138045,0.0,0.011315,0.062601,0.001399,0.0,-6601.444177,-6518.45121,7,0.1613887,0.0462274,0.012732007086695696
