idx,S1,S2,ntaxa_S1,ntaxa_S2,bl_S1_b,bl_S2_b,maxBL_S1_b,maxBL_S2_b,cumBL_S1,cumBL_S2,bl_S1_a,bl_S2_a,maxBL_S1_a,maxBL_S2_a,ll_rearrs,ll_orig,ntaxa,tbl,maxBL,target
8,N14,Sp009,5,1,2e-07,1e-08,0.0016002,0.0,0.00160123,0.0,1e-06,0.001601,0.0016,0.0,-1437.302679,-1429.25427,13,0.15923663,0.0477945,0.005631194650900006
9,Sp002,Sp009,1,1,1e-08,1e-08,0.0,0.0,0.0,0.0,1e-06,0.001601,0.0,0.0,-1437.302591,-1429.25427,13,0.15923663,0.0477945,0.005631133080330058
14,Sp007,N6,1,8,0.00318629,2.3e-07,0.0,0.00185856,0.0,0.0034602299999999995,0.003193,0.009405,0.0,0.001862,-1448.672397,-1429.25427,13,0.15923663,0.0477945,0.01358619484831075
15,Sp006,N6,1,8,1e-08,2.3e-07,0.0,0.00185856,0.0,0.0034602299999999995,1e-06,0.009404,0.0,0.001862,-1448.672382,-1429.25427,13,0.15923663,0.0477945,0.013586184353327183
16,N6,Sp011,8,1,2.3e-07,0.0177651,0.00185856,0.0,0.0034602299999999995,0.0,1e-06,0.032341,0.001865,0.0,-1442.701459,-1429.25427,13,0.15923663,0.0477945,0.009408535123704901
17,N7,Sp011,2,1,0.00937837,0.0177651,0.00318629,0.0,0.0031863,0.0,0.008034,0.032318,0.003195,0.0,-1442.237812,-1429.25427,13,0.15923663,0.0477945,0.009084137282304689
18,N4,Sp004,10,1,0.0146853,0.0477945,0.00937837,0.0,0.01602513,0.0,0.014304,0.070458,0.009428,0.0,-1452.521363,-1429.25427,13,0.15923663,0.0477945,0.016279183829200777
19,Sp011,Sp004,1,1,0.0177651,0.0477945,0.0,0.0,0.0,0.0,0.017737,0.071966,0.0,0.0,-1453.674103,-1429.25427,13,0.15923663,0.0477945,0.017085716315544158
