idx,S1,S2,ntaxa_S1,ntaxa_S2,bl_S1_b,bl_S2_b,maxBL_S1_b,maxBL_S2_b,cumBL_S1,cumBL_S2,bl_S1_a,bl_S2_a,maxBL_S1_a,maxBL_S2_a,ll_rearrs,ll_orig,ntaxa,tbl,maxBL,target
10,N6,N5,6,4,1e-08,0.0321937,1e-08,0.00155457,9.999999999999998e-08,0.00155471,1e-06,0.056876,1e-06,0.00156,-1523.223593,-1518.02761,13,0.3448424299999999,0.243923,0.0034228514460286014
11,Sp008,N5,1,4,1e-08,0.0321937,0.0,0.00155457,0.0,0.00155471,1e-06,0.056876,0.0,0.00156,-1523.223593,-1518.02761,13,0.3448424299999999,0.243923,0.0034228514460286014
14,Sp012,Sp009,1,1,1e-08,1e-07,0.0,0.0,0.0,0.0,1e-06,0.001556,0.0,0.0,-1521.954306,-1518.02761,13,0.3448424299999999,0.243923,0.0025867092101177214
15,N13,Sp009,2,1,1e-08,1e-07,1e-08,0.0,2e-08,0.0,1e-06,0.001556,1e-06,0.0,-1521.954306,-1518.02761,13,0.3448424299999999,0.243923,0.0025867092101177214
16,N8,N4,3,7,0.00155457,0.024609,1e-08,1e-08,4e-08,1.2e-07,0.001546,0.056948,1e-06,1e-06,-1525.462791,-1518.02761,13,0.3448424299999999,0.243923,0.004897922113550905
17,Sp009,N4,1,7,1e-07,0.024609,0.0,1e-08,0.0,1.2e-07,1e-06,0.056948,0.0,1e-06,-1525.463452,-1518.02761,13,0.3448424299999999,0.243923,0.004898357547001313
18,N4,Sp001,7,1,0.024609,0.0138401,1e-08,0.0,1.2e-07,0.0,0.261373,0.01891,1e-06,0.0,-1758.574563,-1518.02761,13,0.3448424299999999,0.243923,0.15846019625426958
19,N5,Sp001,4,1,0.0321937,0.0138401,0.00155457,0.0,0.00155471,0.0,0.034118,0.257265,0.001593,0.0,-1738.655227,-1518.02761,13,0.3448424299999999,0.243923,0.14533834269325302
