idx,S1,S2,ntaxa_S1,ntaxa_S2,bl_S1_b,bl_S2_b,maxBL_S1_b,maxBL_S2_b,cumBL_S1,cumBL_S2,bl_S1_a,bl_S2_a,maxBL_S1_a,maxBL_S2_a,ll_rearrs,ll_orig,ntaxa,tbl,maxBL,target
6,Sp014,Sp015,1,1,1e-08,1e-08,0.0,0,0.0,0,1e-06,0.004731,0.0,0,-309.424303,-302.75457,16,0.009443149999999999,0.00472092,0.02203016456531113
7,N23,Sp015,4,1,1e-08,1e-08,1e-08,0,6e-08,0,1e-06,0.004731,1e-06,0,-309.424303,-302.75457,16,0.009443149999999999,0.00472092,0.02203016456531113
24,N4,Sp003,13,1,2.7e-07,1e-08,0.00472092,0,0.00472193,0,1e-06,0.004731,0.004729,0,-309.454781,-302.75457,16,0.009443149999999999,0.00472092,0.022130833565947573
25,Sp000,Sp003,1,1,1e-08,1e-08,0.0,0,0.0,0,0.004731,1e-06,0.0,0,-309.424303,-302.75457,16,0.009443149999999999,0.00472092,0.02203016456531113
