idx,S1,S2,ntaxa_S1,ntaxa_S2,bl_S1_b,bl_S2_b,maxBL_S1_b,maxBL_S2_b,cumBL_S1,cumBL_S2,bl_S1_a,bl_S2_a,maxBL_S1_a,maxBL_S2_a,ll_rearrs,ll_orig,ntaxa,tbl,maxBL,target
14,N10,Sp004,8,1,8e-08,1e-08,0.00183037,0.0,0.0018308799999999994,0.0,1e-06,0.066843,0.001868,0,-1045.700528,-904.04022,14,0.06674804999999995,0.064917,0.15669690890522558
15,Sp005,Sp004,1,1,1e-08,1e-08,0.0,0.0,0.0,0.0,1e-06,0.066843,0.0,0,-1045.700528,-904.04022,14,0.06674804999999995,0.064917,0.15669690890522558
