idx,S1,S2,ntaxa_S1,ntaxa_S2,bl_S1_b,bl_S2_b,maxBL_S1_b,maxBL_S2_b,cumBL_S1,cumBL_S2,bl_S1_a,bl_S2_a,maxBL_S1_a,maxBL_S2_a,ll_rearrs,ll_orig,ntaxa,tbl,maxBL,target
0,Sp003,Sp000,1,1,0.0132336,0.0192578,0.0,0.0,0.0,0.0,0.013304,0.019407,0.0,0.0,-1902.263133,-1902.25493,7,0.5936967800000001,0.437726,4.312250619251508e-06
1,Sp001,Sp000,1,1,0.0371894,0.0192578,0.0,0.0,0.0,0.0,0.037234,0.019407,0.0,0.0,-1902.263025,-1902.25493,7,0.5936967800000001,0.437726,4.2554758945542765e-06
2,Sp000,N5,1,2,0.0192578,0.0113197,0.0,0.00322617,0.0,0.00322618,0.016758,0.016422,0.0,0.00323,-1904.775975,-1902.25493,7,0.5936967800000001,0.437726,0.001325292924855218
3,N7,N5,2,2,0.0002444,0.0113197,0.0371894,0.00322617,0.050422999999999996,0.00322618,0.000808,0.016359,0.03718,0.003231,-1905.835563,-1902.25493,7,0.5936967800000001,0.437726,0.0018823097490934268
4,Sp005,N4,1,3,0.00322617,0.0051136,0.0,0.0371894,0.0,0.06992519999999999,0.003232,0.016597,0.0,0.037078,-1914.19275,-1902.25493,7,0.5936967800000001,0.437726,0.006275615224716423
5,Sp004,N4,1,3,1e-08,0.0051136,0.0,0.0371894,0.0,0.06992519999999999,1e-06,0.016597,0.0,0.037078,-1914.192696,-1902.25493,7,0.5936967800000001,0.437726,0.0062755868373541345
6,N4,Sp006,3,1,0.0051136,0.0185359,0.0371894,0.0,0.06992519999999999,0.0,0.005527,0.067245,0.037345,0.0,-1911.856555,-1902.25493,7,0.5936967800000001,0.437726,0.005047496446756488
7,N5,Sp006,2,1,0.0113197,0.0185359,0.00322617,0.0,0.00322618,0.0,1e-06,0.066739,0.003234,0.0,-1908.471622,-1902.25493,7,0.5936967800000001,0.437726,0.0032680646016251705
