idx,S1,S2,ntaxa_S1,ntaxa_S2,bl_S1_b,bl_S2_b,maxBL_S1_b,maxBL_S2_b,cumBL_S1,cumBL_S2,bl_S1_a,bl_S2_a,maxBL_S1_a,maxBL_S2_a,ll_rearrs,ll_orig,ntaxa,tbl,maxBL,target
4,N6,Sp001,3,1,2.84e-06,0.00612474,2.7e-07,0,3e-07,0,0.020788,0.003249,1e-06,0,-1098.801442,-1087.481,7,0.22614218999999997,0.195456,0.01040978371116365
5,Sp006,Sp001,1,1,0.195456,0.00612474,0.0,0,0.0,0,0.217647,0.006149,0.0,0,-1099.534282,-1087.481,7,0.22614218999999997,0.195456,0.011083671346901768
