idx,S1,S2,ntaxa_S1,ntaxa_S2,bl_S1_b,bl_S2_b,maxBL_S1_b,maxBL_S2_b,cumBL_S1,cumBL_S2,bl_S1_a,bl_S2_a,maxBL_S1_a,maxBL_S2_a,ll_rearrs,ll_orig,ntaxa,tbl,maxBL,target
4,Sp002,Sp009,1,1,8e-08,0.0015632,0.0,0.0,0.0,0.0,1e-06,0.003127,0.0,0.0,-1274.270984,-1269.2446,11,0.05987796000000001,0.0218802,0.0039601381798275975
5,Sp001,Sp009,1,1,0.00267798,0.0015632,0.0,0.0,0.0,0.0,0.00268,0.003127,0.0,0.0,-1274.270984,-1269.2446,11,0.05987796000000001,0.0218802,0.0039601381798275975
6,Sp009,Sp003,1,1,0.0015632,0.00133744,0.0,0.0,0.0,0.0,0.003127,0.001338,0.0,0.0,-1274.052877,-1269.2446,11,0.05987796000000001,0.0218802,0.003788298173575124
7,N17,Sp003,2,1,0.00133943,0.00133744,0.00267798,0.0,0.00267806,0.0,0.002682,0.001336,0.00268,0.0,-1274.052131,-1269.2446,11,0.05987796000000001,0.0218802,0.0037877104224039453
10,N6,N5,3,2,9e-08,1.1e-07,0.0121763,0.0218802,0.012176389999999999,0.0327274,1e-06,0.001343,0.012183,0.022078,-1274.0987,-1269.2446,11,0.05987796000000001,0.0218802,0.003824400749863357
11,N7,N5,4,2,8e-08,1.1e-07,0.00267798,0.0218802,0.00825648,0.0327274,1e-06,0.001343,0.00268,0.022078,-1274.0987,-1269.2446,11,0.05987796000000001,0.0218802,0.003824400749863357
14,N4,Sp010,7,1,0.00133766,1e-08,0.0121763,0.0,0.02043304,0.0,0.006748,1e-06,0.012201,0.0,-1292.438588,-1269.2446,11,0.05987796000000001,0.0218802,0.018273852021903413
15,N5,Sp010,2,1,1.1e-07,1e-08,0.0218802,0.0,0.0327274,0.0,0.005921,1e-06,0.02195,0.0,-1292.438588,-1269.2446,11,0.05987796000000001,0.0218802,0.018273852021903413
