idx,S1,S2,ntaxa_S1,ntaxa_S2,bl_S1_b,bl_S2_b,maxBL_S1_b,maxBL_S2_b,cumBL_S1,cumBL_S2,bl_S1_a,bl_S2_a,maxBL_S1_a,maxBL_S2_a,ll_rearrs,ll_orig,ntaxa,tbl,maxBL,target
30,Sp022,Sp000,1,1,1e-08,9e-08,0.0,0.0,0.0,0.0,1e-06,0.00077,0.0,0.0,-2271.747106,-2265.03678,23,0.06728932999999981,0.0389473,0.0029625682281414854
31,N17,Sp000,2,1,1e-08,9e-08,1e-08,0.0,2e-08,0.0,1e-06,0.00077,1e-06,0.0,-2271.747106,-2265.03678,23,0.06728932999999981,0.0389473,0.0029625682281414854
32,N12,N8,3,15,0.00076946,1.1e-07,1e-08,0.00077023,4e-08,0.00077058,0.00077,0.001543,1e-06,0.000771,-2272.576787,-2265.03678,23,0.06728932999999981,0.0389473,0.003328867357288591
33,Sp000,N8,1,15,9e-08,1.1e-07,0.0,0.00077023,0.0,0.00077058,1e-06,0.001543,0.0,0.000771,-2272.576821,-2265.03678,23,0.06728932999999981,0.0389473,0.0033288823680824296
34,N8,Sp015,15,1,1.1e-07,0.00638575,0.00077023,0.0,0.00077058,0.0,1e-06,0.026374,0.000771,0.0,-2279.348259,-2265.03678,23,0.06728932999999981,0.0389473,0.006318431173554702
35,N9,Sp015,4,1,0.00154177,0.00638575,0.00076946,0.0,0.00076959,0.0,0.001543,0.026374,0.00077,0.0,-2279.349528,-2265.03678,23,0.06728932999999981,0.0389473,0.006318991429357842
38,N4,Sp019,20,1,7.7e-07,0.00077047,0.0389473,0.0,0.0484151,0.0,0.01475,0.000774,0.040597,0.0,-2329.148174,-2265.03678,23,0.06728932999999981,0.0389473,0.028304791589300382
39,Sp014,Sp019,1,1,0.00142518,0.00077047,0.0,0.0,0.0,0.0,0.018208,0.000774,0.0,0.0,-2329.147707,-2265.03678,23,0.06728932999999981,0.0389473,0.028304585411632995
