idx,S1,S2,ntaxa_S1,ntaxa_S2,bl_S1_b,bl_S2_b,maxBL_S1_b,maxBL_S2_b,cumBL_S1,cumBL_S2,bl_S1_a,bl_S2_a,maxBL_S1_a,maxBL_S2_a,ll_rearrs,ll_orig,ntaxa,tbl,maxBL,target
86,N10,Sp049,44,1,1e-08,1e-08,3e-07,0.0,2.749999999999996e-06,0.0,1e-06,0.018993,1e-06,0,-680.165666,-635.96934,50,0.018825750000000134,0.0188229,0.06949442877230529
87,Sp044,Sp049,1,1,1e-08,1e-08,0.0,0.0,0.0,0.0,1e-06,0.018993,0.0,0,-680.165666,-635.96934,50,0.018825750000000134,0.0188229,0.06949442877230529
