idx,S1,S2,ntaxa_S1,ntaxa_S2,bl_S1_b,bl_S2_b,maxBL_S1_b,maxBL_S2_b,cumBL_S1,cumBL_S2,bl_S1_a,bl_S2_a,maxBL_S1_a,maxBL_S2_a,ll_rearrs,ll_orig,ntaxa,tbl,maxBL,target
2,N10,N9,2,2,1e-08,0.00245613,1e-08,0.00246025,2e-08,0.00246026,1e-06,0.004941,1e-06,0.002463,-644.440916,-637.56834,9,0.024925400000000014,0.0101329,0.010779355825604485
3,Sp006,N9,1,2,1e-08,0.00245613,0.0,0.00246025,0.0,0.00246026,1e-06,0.004941,0.0,0.002463,-644.440916,-637.56834,9,0.024925400000000014,0.0101329,0.010779355825604485
4,Sp003,N8,1,3,1e-08,0.00245613,0.0,1e-08,0.0,4e-08,0.00246,0.002459,0.0,1e-06,-643.179224,-637.56834,9,0.024925400000000014,0.0101329,0.008800443259149195
5,Sp002,N8,1,3,0.00246025,0.00245613,0.0,1e-08,0.0,4e-08,0.004941,0.002459,0.0,1e-06,-643.179225,-637.56834,9,0.024925400000000014,0.0101329,0.008800444827608502
8,N6,Sp008,5,1,1.6e-07,1e-08,0.00246025,0.0,0.00737256,0.0,1e-06,0.00993,0.002467,0.0,-656.527874,-637.56834,9,0.024925400000000014,0.0101329,0.029737257656175277
9,Sp004,Sp008,1,1,1e-08,1e-08,0.0,0.0,0.0,0.0,1e-06,0.00993,0.0,0.0,-656.527874,-637.56834,9,0.024925400000000014,0.0101329,0.029737257656175277
10,N4,Sp007,6,1,0.0101329,1e-08,0.00246025,0.0,0.00737273,0.0,0.015357,1e-06,0.002463,0.0,-648.631369,-637.56834,9,0.024925400000000014,0.0101329,0.017351910855548307
11,Sp008,Sp007,1,1,1e-08,1e-08,0.0,0.0,0.0,0.0,0.004942,1e-06,0.0,0.0,-648.63137,-637.56834,9,0.024925400000000014,0.0101329,0.017351912424007614
