idx,S1,S2,ntaxa_S1,ntaxa_S2,bl_S1_b,bl_S2_b,maxBL_S1_b,maxBL_S2_b,cumBL_S1,cumBL_S2,bl_S1_a,bl_S2_a,maxBL_S1_a,maxBL_S2_a,ll_rearrs,ll_orig,ntaxa,tbl,maxBL,target
16,N12,Sp004,9,1,1e-08,1e-08,1e-08,0,1.6000000000000003e-07,0,1e-06,0.004671,1e-06,0,-312.104775,-306.81653,16,0.009324919999999999,0.00466375,0.017235854274214032
17,Sp015,Sp004,1,1,1e-08,1e-08,0.0,0,0.0,0,1e-06,0.004671,0.0,0,-312.104775,-306.81653,16,0.009324919999999999,0.00466375,0.017235854274214032
18,N10,Sp014,10,1,0.0046609,1e-08,1e-08,0,1.8000000000000005e-07,0,0.009394,1e-06,1e-06,0,-312.298951,-306.81653,16,0.009324919999999999,0.00466375,0.01786872760734237
19,Sp004,Sp014,1,1,1e-08,1e-08,0.0,0,0.0,0,0.004674,1e-06,0.0,0,-312.298951,-306.81653,16,0.009324919999999999,0.00466375,0.01786872760734237
