idx,S1,S2,ntaxa_S1,ntaxa_S2,bl_S1_b,bl_S2_b,maxBL_S1_b,maxBL_S2_b,cumBL_S1,cumBL_S2,bl_S1_a,bl_S2_a,maxBL_S1_a,maxBL_S2_a,ll_rearrs,ll_orig,ntaxa,tbl,maxBL,target
0,Sp003,Sp004,1,1,1e-08,0.00122398,0.0,0.0,0.0,0.0,1e-06,0.011289,0.0,0.0,-2457.295917,-2416.92059,12,0.3927089500000001,0.371321,0.01670527660985326
1,Sp002,Sp004,1,1,1e-08,0.00122398,0.0,0.0,0.0,0.0,1e-06,0.011289,0.0,0.0,-2457.295917,-2416.92059,12,0.3927089500000001,0.371321,0.01670527660985326
2,Sp004,N15,1,2,0.00122398,0.00392184,0.0,1e-08,0.0,2e-08,0.004975,0.003925,0.0,1e-06,-2430.175748,-2416.92059,12,0.3927089500000001,0.371321,0.005484316718903841
3,N17,N15,2,2,0.00992585,0.00392184,1e-08,1e-08,2e-08,2e-08,0.013698,0.003926,1e-06,1e-06,-2430.176087,-2416.92059,12,0.3927089500000001,0.371321,0.005484456980028313
4,Sp011,N14,1,3,1e-08,0.00376968,0.0,0.00992585,0.0,0.01114985,1e-06,0.007388,0.0,0.009805,-2434.01765,-2416.92059,12,0.3927089500000001,0.371321,0.007073902250135409
5,Sp010,N14,1,3,1e-08,0.00376968,0.0,0.00992585,0.0,0.01114985,1e-06,0.007388,0.0,0.009805,-2434.01765,-2416.92059,12,0.3927089500000001,0.371321,0.007073902250135409
16,N4,Sp001,9,1,3.8e-07,6e-08,0.00992585,0.0,0.018841710000000008,0.0,0.342667,1e-06,0.010299,0.0,-2882.849994,-2416.92059,12,0.3927089500000001,0.371321,0.19277811853967447
17,Sp006,Sp001,1,1,0.00254579,6e-08,0.0,0.0,0.0,0.0,0.262664,1e-06,0.0,0.0,-2882.849994,-2416.92059,12,0.3927089500000001,0.371321,0.19277811853967447
