idx,S1,S2,ntaxa_S1,ntaxa_S2,bl_S1_b,bl_S2_b,maxBL_S1_b,maxBL_S2_b,cumBL_S1,cumBL_S2,bl_S1_a,bl_S2_a,maxBL_S1_a,maxBL_S2_a,ll_rearrs,ll_orig,ntaxa,tbl,maxBL,target
0,Sp007,N9,1,4,0.00279833,0.00159194,0.0,0.0645717,0.0,0.08535543,0.002732,0.001435,0.0,0.063353,-1601.339481,-1600.14015,10,0.09983081999999999,0.0645717,0.000749516222063442
1,Sp006,N9,1,4,0.00444994,0.00159194,0.0,0.0645717,0.0,0.08535543,0.003654,0.001145,0.0,0.063283,-1597.777693,-1600.14015,10,0.09983081999999999,0.0645717,-0.0014764063010355372
4,N14,Sp001,2,1,8e-08,0.0645717,0.00483192,0.0,0.00483198,0.0,1e-06,0.065995,0.004835,0.0,-1601.827733,-1600.14015,10,0.09983081999999999,0.0645717,0.0010546469945149064
5,Sp000,Sp001,1,1,0.0146649,0.0645717,0.0,0.0,0.0,0.0,0.014675,0.065995,0.0,0.0,-1601.827938,-1600.14015,10,0.09983081999999999,0.0645717,0.00105477510829283
6,N12,N8,3,2,0.00128677,0.00111656,0.0146649,0.00444994,0.01949696,0.00724827,0.002451,1e-06,0.014664,0.004791,-1598.803592,-1600.14015,10,0.09983081999999999,0.0645717,-0.0008352755850791996
7,Sp001,N8,1,2,0.0645717,0.00111656,0.0,0.00444994,0.0,0.00724827,0.065755,0.001035,0.0,0.004799,-1602.094954,-1600.14015,10,0.09983081999999999,0.0645717,0.0012216454914902094
8,N8,Sp005,2,1,0.00111656,0.00120163,0.00444994,0.0,0.00724827,0.0,0.003627,1e-06,0.003631,0.0,-1606.464357,-1600.14015,10,0.09983081999999999,0.0645717,0.0039522831796953
9,N9,Sp005,4,1,0.00159194,0.00120163,0.0645717,0.0,0.08535543,0.0,0.004983,0.001202,0.064888,0.0,-1610.96654,-1600.14015,10,0.09983081999999999,0.0645717,0.0067659010993505455
