idx,S1,S2,ntaxa_S1,ntaxa_S2,bl_S1_b,bl_S2_b,maxBL_S1_b,maxBL_S2_b,cumBL_S1,cumBL_S2,bl_S1_a,bl_S2_a,maxBL_S1_a,maxBL_S2_a,ll_rearrs,ll_orig,ntaxa,tbl,maxBL,target
2,Sp000,Sp007,1,1,1e-08,0.0373299,0.0,0,0.0,0,1e-06,0.059341,0.0,0,-1094.207604,-1082.28717,8,0.6301769500000001,0.302946,0.011014113749495789
3,N11,Sp007,2,1,1.9e-07,0.0373299,0.00324982,0,0.00324997,0,1e-06,0.059341,0.003264,0,-1094.207604,-1082.28717,8,0.6301769500000001,0.302946,0.011014113749495789
4,N8,Sp002,3,1,0.0189667,0.0331609,0.00324982,0,0.00325017,0,0.017483,0.035313,0.00325,0,-1082.052335,-1082.28717,8,0.6301769500000001,0.302946,-0.0002169803047743562
5,Sp007,Sp002,1,1,0.0373299,0.0331609,0.0,0,0.0,0,0.037632,0.036675,0.0,0,-1082.620924,-1082.28717,8,0.6301769500000001,0.302946,0.00030837841309714405
6,N6,Sp006,4,1,0.00386504,0.302946,0.0373299,0,0.05954677,0,0.005659,0.35786,0.038353,0,-1088.690476,-1082.28717,8,0.6301769500000001,0.302946,0.005916457459252639
7,Sp002,Sp006,1,1,0.0331609,0.302946,0.0,0,0.0,0,0.03172,0.358244,0.0,0,-1088.507642,-1082.28717,8,0.6301769500000001,0.302946,0.005747524476336509
9,Sp006,Sp005,1,1,0.302946,0.104596,0.0,0,0.0,0,0.290584,0.103535,0.0,0,-1081.560444,-1082.28717,8,0.6301769500000001,0.302946,-0.0006714724336980718
