idx,S1,S2,ntaxa_S1,ntaxa_S2,bl_S1_b,bl_S2_b,maxBL_S1_b,maxBL_S2_b,cumBL_S1,cumBL_S2,bl_S1_a,bl_S2_a,maxBL_S1_a,maxBL_S2_a,ll_rearrs,ll_orig,ntaxa,tbl,maxBL,target
0,Sp006,Sp004,1,1,0.2481,0.67124,0.0,0,0.0,0,0.247031,1.294256,0.0,0,-2519.366948,-2514.58906,7,5.53777448,1.13987,0.0019000671226972075
1,Sp005,Sp004,1,1,3.46e-06,0.67124,0.0,0,0.0,0,1e-06,1.293658,0.0,0,-2519.366312,-2514.58906,7,5.53777448,1.13987,0.0018998141986668459
2,N8,Sp001,2,1,0.639546,0.653365,0.2481,0,0.24810346,0,0.696661,1.408045,0.247069,0,-2528.578589,-2514.58906,7,5.53777448,1.13987,0.005563346004535789
3,Sp004,Sp001,1,1,0.67124,0.653365,0.0,0,0.0,0,0.770536,1.414259,0.0,0,-2528.621083,-2514.58906,7,5.53777448,1.13987,0.005580244988419782
4,Sp001,Sp000,1,1,0.653365,0.955732,0.0,0,0.0,0,1.220535,0.965988,0.0,0,-2520.267961,-2514.58906,7,5.53777448,1.13987,0.002258381335676464
5,N7,Sp000,3,1,1.13987,0.955732,0.67124,0,1.55888946,0,1.590538,0.954304,0.77076,0,-2520.258043,-2514.58906,7,5.53777448,1.13987,0.002254437152446701
6,N4,Sp003,4,1,0.70665,1e-08,1.13987,0,3.3521244599999998,0,1.101523,1e-06,1.125304,0,-2518.672549,-2514.58906,7,5.53777448,1.13987,0.0016239190191975543
7,Sp000,Sp003,1,1,0.955732,1e-08,0.0,0,0.0,0,1.473684,1e-06,0.0,0,-2518.672648,-2514.58906,7,5.53777448,1.13987,0.001623958389447705
