idx,S1,S2,ntaxa_S1,ntaxa_S2,bl_S1_b,bl_S2_b,maxBL_S1_b,maxBL_S2_b,cumBL_S1,cumBL_S2,bl_S1_a,bl_S2_a,maxBL_S1_a,maxBL_S2_a,ll_rearrs,ll_orig,ntaxa,tbl,maxBL,target
18,N10,Sp014,10,1,1.8e-07,1e-08,0.00670562,0,0.006709489999999999,0,1e-06,0.01361,0.006739,0,-237.153861,-225.90544,16,0.020233360000000002,0.0135236,0.04979260791594929
19,Sp015,Sp014,1,1,1e-08,1e-08,0.0,0,0.0,0,1e-06,0.01361,0.0,0,-237.153861,-225.90544,16,0.020233360000000002,0.0135236,0.04979260791594929
