idx,S1,S2,ntaxa_S1,ntaxa_S2,bl_S1_b,bl_S2_b,maxBL_S1_b,maxBL_S2_b,cumBL_S1,cumBL_S2,bl_S1_a,bl_S2_a,maxBL_S1_a,maxBL_S2_a,ll_rearrs,ll_orig,ntaxa,tbl,maxBL,target
8,N8,N7,5,2,1.5e-07,0.00159075,0.00480464,1e-08,0.00959364,2e-08,1e-06,0.009761,0.00482,1e-06,-1348.475662,-1342.94631,11,0.7716642600000002,0.498103,0.0041173291581552635
9,Sp007,N7,1,2,1e-08,0.00159075,0.0,1e-08,0.0,2e-08,1e-06,0.009761,0.0,1e-06,-1348.475652,-1342.94631,11,0.7716642600000002,0.498103,0.004117321711841215
10,Sp008,N6,1,6,1e-08,0.00808596,0.0,0.00480464,0.0,0.009593800000000001,1e-06,0.009698,0.0,0.004809,-1343.183917,-1342.94631,11,0.7716642600000002,0.498103,0.00017692963466277772
11,Sp002,N6,1,6,1e-08,0.00808596,0.0,0.00480464,0.0,0.009593800000000001,1e-06,0.009698,0.0,0.004809,-1343.183917,-1342.94631,11,0.7716642600000002,0.498103,0.00017692963466277772
12,N6,Sp000,6,1,0.00808596,0.498103,0.00480464,0.0,0.009593800000000001,0.0,0.008089,0.569948,0.004821,0.0,-1346.050933,-1342.94631,11,0.7716642600000002,0.498103,0.0023117997919067565
13,N7,Sp000,2,1,0.00159075,0.498103,1e-08,0.0,2e-08,0.0,0.001613,0.569979,1e-06,0.0,-1346.05636,-1342.94631,11,0.7716642600000002,0.498103,0.002315840906551209
14,N4,Sp010,8,1,0.0671347,0.0204797,0.00808596,0.0,0.019270529999999998,0.0,0.231049,0.016161,0.008003,0.0,-1358.741789,-1342.94631,11,0.7716642600000002,0.498103,0.011761809748000935
15,Sp000,Sp010,1,1,0.498103,0.0204797,0.0,0.0,0.0,0.0,0.670407,0.02003,0.0,0.0,-1358.81739,-1342.94631,11,0.7716642600000002,0.498103,0.011818104626982365
