idx,S1,S2,ntaxa_S1,ntaxa_S2,bl_S1_b,bl_S2_b,maxBL_S1_b,maxBL_S2_b,cumBL_S1,cumBL_S2,bl_S1_a,bl_S2_a,maxBL_S1_a,maxBL_S2_a,ll_rearrs,ll_orig,ntaxa,tbl,maxBL,target
0,Sp001,Sp003,1,1,1.5e-07,1e-08,0.0,0.0,0.0,0.0,1e-06,1e-06,0.0,0.0,-1931.824366,-1931.8058,14,0.04198581000000002,0.0203475,9.610696893012916e-06
1,Sp000,Sp003,1,1,1e-08,1e-08,0.0,0.0,0.0,0.0,0.000901,1e-06,0.0,0.0,-1931.824366,-1931.8058,14,0.04198581000000002,0.0203475,9.610696893012916e-06
6,N12,N11,4,4,1.1e-07,0.00436641,0.00090078,1.3e-07,0.00090106,2.3000000000000002e-07,1e-06,0.020218,0.000904,1e-06,-1991.303548,-1931.8058,14,0.04198581000000002,0.0203475,0.030799031662499407
7,Sp002,N11,1,4,1e-08,0.00436641,0.0,1.3e-07,0.0,2.3000000000000002e-07,1e-06,0.020218,0.0,1e-06,-1991.30352,-1931.8058,14,0.04198581000000002,0.0203475,0.03079901716828878
12,N14,N10,3,5,6e-08,0.01637,1.3e-07,0.00090078,1.6e-07,0.00090118,1e-06,0.020869,1e-06,0.000901,-1941.633933,-1931.8058,14,0.04198581000000002,0.0203475,0.005087536749294354
13,Sp007,N10,1,5,1e-08,0.01637,0.0,0.00090078,0.0,0.00090118,1e-06,0.020869,0.0,0.000901,-1941.633933,-1931.8058,14,0.04198581000000002,0.0203475,0.005087536749294354
14,N10,Sp013,5,1,0.01637,1e-08,0.00090078,0.0,0.00090118,0.0,0.037244,1e-06,0.000905,0.0,-2012.768044,-1931.8058,14,0.04198581000000002,0.0203475,0.04191013610167224
15,N11,Sp013,4,1,0.00436641,1e-08,1.3e-07,0.0,2.3000000000000002e-07,0.0,0.024255,1e-06,1e-06,0.0,-2012.768044,-1931.8058,14,0.04198581000000002,0.0203475,0.04191013610167224
