idx,S1,S2,ntaxa_S1,ntaxa_S2,bl_S1_b,bl_S2_b,maxBL_S1_b,maxBL_S2_b,cumBL_S1,cumBL_S2,bl_S1_a,bl_S2_a,maxBL_S1_a,maxBL_S2_a,ll_rearrs,ll_orig,ntaxa,tbl,maxBL,target
98,N14,Sp039,50,1,6.3e-07,1e-08,0.0204105,0.0,0.030502980000000082,0.0,1e-06,0.010137,0.020482,0,-167.724526,-161.83863,58,0.04059274000000002,0.0204105,0.036368918842182504
99,Sp002,Sp039,1,1,1e-08,1e-08,0.0,0.0,0.0,0.0,1e-06,0.010137,0.0,0,-167.724526,-161.83863,58,0.04059274000000002,0.0204105,0.036368918842182504
