idx,S1,S2,ntaxa_S1,ntaxa_S2,bl_S1_b,bl_S2_b,maxBL_S1_b,maxBL_S2_b,cumBL_S1,cumBL_S2,bl_S1_a,bl_S2_a,maxBL_S1_a,maxBL_S2_a,ll_rearrs,ll_orig,ntaxa,tbl,maxBL,target
26,N6,N5,14,9,1e-08,0.00345956,1e-08,1e-08,2.600000000000001e-07,1.6000000000000003e-07,1e-06,0.005407,1e-06,1e-06,-993.205153,-990.18514,26,0.09563152999999977,0.060153,0.0030499478107699624
27,Sp024,N5,1,9,1e-08,0.00345956,0.0,1e-08,0.0,1.6000000000000003e-07,1e-06,0.005407,0.0,1e-06,-993.205153,-990.18514,26,0.09563152999999977,0.060153,0.0030499478107699624
42,Sp025,N4,1,15,1e-08,0.00193216,0.0,1e-08,0.0,2.800000000000001e-07,1e-06,0.005407,0.0,1e-06,-995.238389,-990.18514,26,0.09563152999999977,0.060153,0.0051033375435223524
43,N9,N4,8,15,1e-08,0.00193216,1e-08,1e-08,1.4e-07,2.800000000000001e-07,1e-06,0.005407,1e-06,1e-06,-995.238389,-990.18514,26,0.09563152999999977,0.060153,0.0051033375435223524
44,N4,Sp001,15,1,0.00193216,0.060153,1e-08,0.0,2.800000000000001e-07,0.0,0.001768,0.063663,1e-06,0.0,-990.950468,-990.18514,26,0.09563152999999977,0.060153,0.0007729140431252625
45,N5,Sp001,9,1,0.00345956,0.060153,1e-08,0.0,1.6000000000000003e-07,0.0,0.003444,0.065338,1e-06,0.0,-992.375012,-990.18514,26,0.09563152999999977,0.060153,0.0022115783317046373
