idx,S1,S2,ntaxa_S1,ntaxa_S2,bl_S1_b,bl_S2_b,maxBL_S1_b,maxBL_S2_b,cumBL_S1,cumBL_S2,bl_S1_a,bl_S2_a,maxBL_S1_a,maxBL_S2_a,ll_rearrs,ll_orig,ntaxa,tbl,maxBL,target
22,N12,N11,12,3,1.1e-07,1.6e-07,1e-07,0.117595,5.300000000000001e-07,0.11759522,1e-06,1e-06,1e-06,0.137015,-2795.268113,-2783.23526,21,0.2187080099999999,0.117595,0.004323333055215806
23,Sp002,N11,1,3,1e-08,1.6e-07,0.0,0.117595,0.0,0.11759522,1e-06,1e-06,0.0,0.137015,-2795.268113,-2783.23526,21,0.2187080099999999,0.117595,0.004323333055215806
28,N10,Sp010,13,1,0.0172371,1e-08,1.1e-07,0.0,6.500000000000001e-07,0.0,0.0897,1e-06,1e-06,0.0,-2944.079613,-2783.23526,21,0.2187080099999999,0.117595,0.05779042659872021
29,N11,Sp010,3,1,1.6e-07,1e-08,0.117595,0.0,0.11759522,0.0,0.063588,1e-06,0.119219,0.0,-2944.079439,-2783.23526,21,0.2187080099999999,0.117595,0.05779036408154738
