idx,S1,S2,ntaxa_S1,ntaxa_S2,bl_S1_b,bl_S2_b,maxBL_S1_b,maxBL_S2_b,cumBL_S1,cumBL_S2,bl_S1_a,bl_S2_a,maxBL_S1_a,maxBL_S2_a,ll_rearrs,ll_orig,ntaxa,tbl,maxBL,target
18,N10,Sp013,2,1,1e-08,1e-08,1e-08,0.0,2e-08,0.0,0.010841,1e-06,1e-06,0,-134.061904,-128.45402,16,0.010785479999999998,0.0107852,0.0436567419221289
19,N11,Sp013,9,1,1e-08,1e-08,1e-08,0.0,1.6000000000000003e-07,0.0,0.010841,1e-06,1e-06,0,-134.061904,-128.45402,16,0.010785479999999998,0.0107852,0.0436567419221289
