idx,S1,S2,ntaxa_S1,ntaxa_S2,bl_S1_b,bl_S2_b,maxBL_S1_b,maxBL_S2_b,cumBL_S1,cumBL_S2,bl_S1_a,bl_S2_a,maxBL_S1_a,maxBL_S2_a,ll_rearrs,ll_orig,ntaxa,tbl,maxBL,target
22,N18,Sp014,12,1,1e-08,0.00285444,1e-08,0,2.200000000000001e-07,0,1e-06,0.005732,1e-06,0,-533.091238,-528.16314,22,0.01713540000000004,0.00571581,0.00933063598493446
23,Sp012,Sp014,1,1,1e-08,0.00285444,0.0,0,0.0,0,1e-06,0.005732,0.0,0,-533.091238,-528.16314,22,0.01713540000000004,0.00571581,0.00933063598493446
24,N16,Sp021,13,1,0.00286102,1e-08,1e-08,0,2.400000000000001e-07,0,0.005732,1e-06,1e-06,0,-532.612769,-528.16314,22,0.01713540000000004,0.00571581,0.008424724603083735
25,Sp014,Sp021,1,1,0.00285444,1e-08,0.0,0,0.0,0,0.005727,1e-06,0.0,0,-532.612769,-528.16314,22,0.01713540000000004,0.00571581,0.008424724603083735
34,N6,Sp016,18,1,1.3e-07,1e-08,0.00286102,0,0.008570630000000001,0,1e-06,0.002853,0.002864,0,-535.870015,-528.16314,22,0.01713540000000004,0.00571581,0.014591845618003498
35,Sp013,Sp016,1,1,1e-08,1e-08,0.0,0,0.0,0,1e-06,0.002853,0.0,0,-535.870015,-528.16314,22,0.01713540000000004,0.00571581,0.014591845618003498
