idx,S1,S2,ntaxa_S1,ntaxa_S2,bl_S1_b,bl_S2_b,maxBL_S1_b,maxBL_S2_b,cumBL_S1,cumBL_S2,bl_S1_a,bl_S2_a,maxBL_S1_a,maxBL_S2_a,ll_rearrs,ll_orig,ntaxa,tbl,maxBL,target
0,Sp002,N7,1,2,1e-08,0.109675,0.0,1e-08,0.0,2e-08,1e-06,0.230423,0.0,1e-06,-12879.162651,-12790.39233,7,1.0139100599999997,0.294914,0.006940390780022301
1,Sp006,N7,1,2,1e-08,0.109675,0.0,1e-08,0.0,2e-08,1e-06,0.230423,0.0,1e-06,-12879.162651,-12790.39233,7,1.0139100599999997,0.294914,0.006940390780022301
2,Sp005,N6,1,2,1e-08,0.117869,0.0,1e-08,0.0,2e-08,1e-06,0.229887,0.0,1e-06,-12862.6863,-12790.39233,7,1.0139100599999997,0.294914,0.005652208949871892
3,Sp000,N6,1,2,1e-08,0.117869,0.0,1e-08,0.0,2e-08,1e-06,0.229887,0.0,1e-06,-12862.6863,-12790.39233,7,1.0139100599999997,0.294914,0.005652208949871892
4,N6,Sp003,2,1,0.117869,0.294914,1e-08,0.0,2e-08,0.0,0.102471,0.460631,1e-06,0.0,-12897.277636,-12790.39233,7,1.0139100599999997,0.294914,0.008356687054024097
5,N7,Sp003,2,1,0.109675,0.294914,1e-08,0.0,2e-08,0.0,0.104588,0.461403,1e-06,0.0,-12902.086641,-12790.39233,7,1.0139100599999997,0.294914,0.008732672784244397
6,N4,Sp004,4,1,0.200289,1e-08,0.117869,0.0,0.22754404,0.0,0.464832,1e-06,0.116137,0.0,-12984.440935,-12790.39233,7,1.0139100599999997,0.294914,0.015171434932832897
7,Sp003,Sp004,1,1,0.294914,1e-08,0.0,0.0,0.0,0.0,0.574592,1e-06,0.0,0.0,-12984.433057,-12790.39233,7,1.0139100599999997,0.294914,0.01517081900176549
