idx,S1,S2,ntaxa_S1,ntaxa_S2,bl_S1_b,bl_S2_b,maxBL_S1_b,maxBL_S2_b,cumBL_S1,cumBL_S2,bl_S1_a,bl_S2_a,maxBL_S1_a,maxBL_S2_a,ll_rearrs,ll_orig,ntaxa,tbl,maxBL,target
6,N8,Sp004,4,1,2.5e-07,0.00632796,0.00420844,0,0.00420873,0,1e-06,0.012763,0.004215,0,-970.566745,-959.62146,9,0.15263650999999995,0.122971,0.01140583600537655
7,Sp000,Sp004,1,1,0.00420351,0.00632796,0.0,0,0.0,0,0.00421,0.012764,0.0,0,-970.56675,-959.62146,9,0.15263650999999995,0.122971,0.011405841215764392
8,N6,Sp008,5,1,0.00635901,0.122971,0.00420844,0,0.00841249,0,0.006406,0.123453,0.004209,0,-960.210898,-959.62146,9,0.15263650999999995,0.122971,0.0006142401192237682
9,Sp004,Sp008,1,1,0.00632796,0.122971,0.0,0,0.0,0,0.006382,0.123362,0.0,0,-960.166172,-959.62146,9,0.15263650999999995,0.122971,0.0005676321577885556
10,N4,Sp007,6,1,0.00269383,1e-08,0.00635901,0,0.02109946,0,0.008516,1e-06,0.006357,0,-963.715515,-959.62146,9,0.15263650999999995,0.122971,0.004266322889444371
11,Sp008,Sp007,1,1,0.122971,1e-08,0.0,0,0.0,0,0.128758,1e-06,0.0,0,-963.715515,-959.62146,9,0.15263650999999995,0.122971,0.004266322889444371
