idx,S1,S2,ntaxa_S1,ntaxa_S2,bl_S1_b,bl_S2_b,maxBL_S1_b,maxBL_S2_b,cumBL_S1,cumBL_S2,bl_S1_a,bl_S2_a,maxBL_S1_a,maxBL_S2_a,ll_rearrs,ll_orig,ntaxa,tbl,maxBL,target
32,N16,Sp013,13,1,1e-08,1e-08,1e-08,0.0,2.400000000000001e-07,0.0,1e-06,0.006169,1e-06,0,-1136.200833,-1109.48276,29,0.05932469000000004,0.0501134,0.024081557607979417
33,N17,Sp013,5,1,1e-08,1e-08,1e-08,0.0,7.999999999999999e-08,0.0,1e-06,0.006169,1e-06,0,-1136.200833,-1109.48276,29,0.05932469000000004,0.0501134,0.024081557607979417
50,N4,Sp003,26,1,1e-07,1e-08,0.0501134,0.0,0.056265570000000015,0.0,0.001531,1e-06,0.050139,0,-1116.225208,-1109.48276,29,0.05932469000000004,0.0501134,0.006077109300914209
51,Sp015,Sp003,1,1,0.00152937,1e-08,0.0,0.0,0.0,0.0,0.003067,1e-06,0.0,0,-1116.225208,-1109.48276,29,0.05932469000000004,0.0501134,0.006077109300914209
