idx,S1,S2,ntaxa_S1,ntaxa_S2,bl_S1_b,bl_S2_b,maxBL_S1_b,maxBL_S2_b,cumBL_S1,cumBL_S2,bl_S1_a,bl_S2_a,maxBL_S1_a,maxBL_S2_a,ll_rearrs,ll_orig,ntaxa,tbl,maxBL,target
2,N16,Sp001,2,1,2.5e-07,0.00866014,2.6e-07,0,2.7e-07,0,1e-06,0.012994,1e-06,0,-1342.8175,-1337.36032,11,0.35102522999999985,0.270679,0.004080560727269153
3,Sp007,Sp001,1,1,0.00207978,0.00866014,0.0,0,0.0,0,0.002084,0.012994,0.0,0,-1342.817499,-1337.36032,11,0.35102522999999985,0.270679,0.00408055997952743
4,N14,Sp002,3,1,0.00415493,1e-08,0.00207978,0,0.0020802999999999998,0,0.017047,1e-06,0.002091,0,-1360.526385,-1337.36032,11,0.35102522999999985,0.270679,0.017322231453674272
5,Sp001,Sp002,1,1,0.00866014,1e-08,0.0,0,0.0,0,0.021946,1e-06,0.0,0,-1360.526385,-1337.36032,11,0.35102522999999985,0.270679,0.017322231453674272
14,Sp006,Sp010,1,1,1e-08,0.0183934,0.0,0,0.0,0,1e-06,0.320776,0.0,0,-1549.645869,-1337.36032,11,0.35102522999999985,0.270679,0.15873474472459295
15,N5,Sp010,8,1,2e-07,0.0183934,0.0123932,0,0.027289320000000002,0,1e-06,0.320776,0.012741,0,-1549.645869,-1337.36032,11,0.35102522999999985,0.270679,0.15873474472459295
