idx,S1,S2,ntaxa_S1,ntaxa_S2,bl_S1_b,bl_S2_b,maxBL_S1_b,maxBL_S2_b,cumBL_S1,cumBL_S2,bl_S1_a,bl_S2_a,maxBL_S1_a,maxBL_S2_a,ll_rearrs,ll_orig,ntaxa,tbl,maxBL,target
4,Sp005,N4,1,3,1e-08,1.7e-07,0.0,0.107459,0.0,0.10745919999999999,1e-06,0.003704,0.0,0.107531,-502.297367,-496.75399,7,0.11858531,0.107459,0.011159199747947714
5,Sp004,N4,1,3,1e-08,1.7e-07,0.0,0.107459,0.0,0.10745919999999999,1e-06,0.003704,0.0,0.107531,-502.297367,-496.75399,7,0.11858531,0.107459,0.011159199747947714
6,N4,Sp006,3,1,1.7e-07,1e-08,0.107459,0.0,0.10745919999999999,0.0,0.007452,1e-06,0.107623,0.0,-508.06841,-496.75399,7,0.11858531,0.107459,0.022776706836315466
7,N5,Sp006,2,1,0.00369851,1e-08,1e-08,0.0,2e-08,0.0,0.011232,1e-06,1e-06,0.0,-508.06841,-496.75399,7,0.11858531,0.107459,0.022776706836315466
