idx,S1,S2,ntaxa_S1,ntaxa_S2,bl_S1_b,bl_S2_b,maxBL_S1_b,maxBL_S2_b,cumBL_S1,cumBL_S2,bl_S1_a,bl_S2_a,maxBL_S1_a,maxBL_S2_a,ll_rearrs,ll_orig,ntaxa,tbl,maxBL,target
16,Sp010,Sp012,1,1,1e-08,1e-08,0.0,0,0.0,0,1e-06,0.008421,0.0,0,-525.974583,-513.18449,34,0.14244419999999974,0.0692032,0.02492299211926703
17,N49,Sp012,9,1,1e-08,1e-08,1e-08,0,1.6000000000000003e-07,0,1e-06,0.008421,1e-06,0,-525.974583,-513.18449,34,0.14244419999999974,0.0692032,0.02492299211926703
56,N8,Sp000,29,1,1e-08,0.0692032,0.00839218,0,0.008394360000000002,0,1e-06,0.093579,0.008448,0,-522.367994,-513.18449,34,0.14244419999999974,0.0692032,0.017895131631900978
57,Sp031,Sp000,1,1,1e-08,0.0692032,0.0,0,0.0,0,1e-06,0.093579,0.0,0,-522.367994,-513.18449,34,0.14244419999999974,0.0692032,0.017895131631900978
58,N6,Sp033,30,1,0.0217946,0.012687,0.00839218,0,0.008394380000000002,0,0.03859,0.01359,0.008434,0,-519.575578,-513.18449,34,0.14244419999999974,0.0692032,0.012453782459403573
59,Sp000,Sp033,1,1,0.0692032,0.012687,0.0,0,0.0,0,0.08716,0.013585,0.0,0,-519.575621,-513.18449,34,0.14244419999999974,0.0692032,0.012453866249932794
60,N4,Sp032,31,1,0.0174459,1e-08,0.0692032,0,0.09939218000000001,0,0.031155,1e-06,0.070244,0,-521.270899,-513.18449,34,0.14244419999999974,0.0692032,0.01575731370992916
61,Sp033,Sp032,1,1,0.012687,1e-08,0.0,0,0.0,0,0.025861,1e-06,0.0,0,-521.270899,-513.18449,34,0.14244419999999974,0.0692032,0.01575731370992916
