idx,S1,S2,ntaxa_S1,ntaxa_S2,bl_S1_b,bl_S2_b,maxBL_S1_b,maxBL_S2_b,cumBL_S1,cumBL_S2,bl_S1_a,bl_S2_a,maxBL_S1_a,maxBL_S2_a,ll_rearrs,ll_orig,ntaxa,tbl,maxBL,target
0,Sp004,Sp000,1,1,0.0104688,0.00348357,0.0,0.0,0.0,0.0,0.010879,0.005745,0.0,0.0,-2395.813607,-2388.73049,7,0.11827369,0.0272592,0.0029652223344794875
1,Sp002,Sp000,1,1,0.00442743,0.00348357,0.0,0.0,0.0,0.0,0.004856,0.005745,0.0,0.0,-2395.813384,-2388.73049,7,0.11827369,0.0272592,0.0029651289794522294
2,Sp000,N5,1,2,0.00348357,0.0212142,0.0,0.0081366,0.0,0.012686550000000001,0.003571,0.036923,0.0,0.006802,-2423.070467,-2388.73049,7,0.11827369,0.0272592,0.014375827303983586
3,N7,N5,2,2,0.00268479,0.0212142,0.0104688,0.0081366,0.01489623,0.012686550000000001,0.002785,0.036923,0.010528,0.006802,-2423.070661,-2388.73049,7,0.11827369,0.0272592,0.014375908518671055
4,Sp003,N4,1,3,0.0081366,0.0168222,0.0,0.0104688,0.0,0.02106459,0.009249,0.03525,0.0,0.010719,-2436.830676,-2388.73049,7,0.11827369,0.0272592,0.02013629674898993
5,Sp001,N4,1,3,0.00454995,0.0168222,0.0,0.0104688,0.0,0.02106459,0.005002,0.034165,0.0,0.010715,-2434.747367,-2388.73049,7,0.11827369,0.0272592,0.019264156083175388
6,N4,Sp006,3,1,0.0168222,0.00647055,0.0104688,0.0,0.02106459,0.0,0.043413,0.007799,0.010546,0.0,-2460.339526,-2388.73049,7,0.11827369,0.0272592,0.02997786326242283
7,N5,Sp006,2,1,0.0212142,0.00647055,0.0081366,0.0,0.012686550000000001,0.0,0.04578,0.007154,0.008824,0.0,-2459.172673,-2388.73049,7,0.11827369,0.0272592,0.029489380779830092
