idx,S1,S2,ntaxa_S1,ntaxa_S2,bl_S1_b,bl_S2_b,maxBL_S1_b,maxBL_S2_b,cumBL_S1,cumBL_S2,bl_S1_a,bl_S2_a,maxBL_S1_a,maxBL_S2_a,ll_rearrs,ll_orig,ntaxa,tbl,maxBL,target
24,N30,Sp028,13,1,5.1e-07,0.236783,4.9e-07,0,3.5599999999999994e-06,0,1e-06,0.563843,1e-06,0,-519.311514,-515.03497,29,1.2998155899999988,0.681286,0.00830340510664731
25,Sp019,Sp028,1,1,1e-08,0.236783,0.0,0,0.0,0,1e-06,0.563829,0.0,0,-519.31151,-515.03497,29,1.2998155899999988,0.681286,0.008303397340184404
26,N28,Sp000,14,1,0.349347,2.957e-05,5.1e-07,0,4.079999999999999e-06,0,1.021906,0.013577,1e-06,0,-529.851232,-515.03497,29,1.2998155899999988,0.681286,0.02876748738051697
27,Sp028,Sp000,1,1,0.236783,2.957e-05,0.0,0,0.0,0,0.8132,1e-06,0.0,0,-528.860206,-515.03497,29,1.2998155899999988,0.681286,0.02684329570863878
28,N26,Sp015,15,1,0.681286,0.00770952,0.349347,0,0.58613408,0,0.690928,0.007705,0.384598,0,-515.074171,-515.03497,29,1.2998155899999988,0.681286,7.611327828852968e-05
29,Sp000,Sp015,1,1,2.957e-05,0.00770952,0.0,0,0.0,0,0.024071,0.006536,0.0,0,-515.070481,-515.03497,29,1.2998155899999988,0.681286,6.894871623945956e-05
