idx,S1,S2,ntaxa_S1,ntaxa_S2,bl_S1_b,bl_S2_b,maxBL_S1_b,maxBL_S2_b,cumBL_S1,cumBL_S2,bl_S1_a,bl_S2_a,maxBL_S1_a,maxBL_S2_a,ll_rearrs,ll_orig,ntaxa,tbl,maxBL,target
2,Sp003,Sp005,1,1,0.00240807,0.00377496,0.0,0,0.0,0,0.00242,0.017309,0.0,0,-1682.637892,-1666.84177,9,1.8098413600000003,1.52844,0.009476677561302035
3,N13,Sp005,2,1,1.3e-07,0.00377496,0.00725129,0,0.01207165,0,1e-06,0.017309,0.007283,0,-1682.6379,-1666.84177,9,1.8098413600000003,1.52844,0.009476682360797779
5,Sp005,Sp007,1,1,0.00377496,0.0366415,0.0,0,0.0,0,0.002727,0.035345,0.0,0,-1665.932723,-1666.84177,9,1.8098413600000003,1.52844,-0.0005453709022423289
6,N8,Sp000,4,1,1.53e-06,0.0292934,0.0134048,0,0.03165961,0,1e-06,0.032582,0.013296,0,-1667.321127,-1666.84177,9,1.8098413600000003,1.52844,0.00028758398585124027
7,Sp007,Sp000,1,1,0.0366415,0.0292934,0.0,0,0.0,0,0.036621,0.034027,0.0,0,-1667.506391,-1666.84177,9,1.8098413600000003,1.52844,0.00039873070855423625
9,Sp000,Sp008,1,1,0.0292934,1.52844,0.0,0,0.0,0,0.029292,1.527715,0.0,0,-1666.829931,-1666.84177,9,1.8098413600000003,1.52844,-7.102653780993883e-06
10,N4,Sp006,6,1,2.8e-06,0.0595962,0.0366415,0,0.10245125999999999,0,0.045924,0.059798,0.036659,0,-1668.177267,-1666.84177,9,1.8098413600000003,1.52844,0.0008012140228523504
11,Sp008,Sp006,1,1,1.52844,0.0595962,0.0,0,0.0,0,1.574789,0.0598,0.0,0,-1668.177249,-1666.84177,9,1.8098413600000003,1.52844,0.0008012032239869281
