idx,S1,S2,ntaxa_S1,ntaxa_S2,bl_S1_b,bl_S2_b,maxBL_S1_b,maxBL_S2_b,cumBL_S1,cumBL_S2,bl_S1_a,bl_S2_a,maxBL_S1_a,maxBL_S2_a,ll_rearrs,ll_orig,ntaxa,tbl,maxBL,target
8,Sp023,N45,1,2,1e-08,1.2e-07,0.0,1.1e-07,0.0,1.2000000000000002e-07,1e-06,0.001817,0.0,1e-06,-901.06133,-893.23659,30,0.03495870000000002,0.0204163,0.008759985974152739
9,N47,N45,5,2,1e-08,1.2e-07,1e-08,1.1e-07,7.999999999999999e-08,1.2000000000000002e-07,1e-06,0.001817,1e-06,1e-06,-901.06133,-893.23659,30,0.03495870000000002,0.0204163,0.008759985974152739
22,Sp029,Sp025,1,1,1e-08,1e-08,0.0,0.0,0.0,0.0,1e-06,0.001814,0.0,0.0,-901.064843,-893.23659,30,0.03495870000000002,0.0204163,0.008763918862750594
23,N27,Sp025,12,1,1.2e-07,1e-08,0.00181592,0.0,0.0018166799999999996,0.0,1e-06,0.001814,0.001817,0.0,-901.064843,-893.23659,30,0.03495870000000002,0.0204163,0.008763918862750594
52,N4,Sp016,27,1,1e-07,8e-08,0.0204163,0.0,0.033142430000000014,0.0,1e-06,0.001831,0.020429,0.0,-901.028213,-893.23659,30,0.03495870000000002,0.0204163,0.008722910690436531
53,Sp008,Sp016,1,1,1e-08,8e-08,0.0,0.0,0.0,0.0,1e-06,0.001831,0.0,0.0,-901.028213,-893.23659,30,0.03495870000000002,0.0204163,0.008722910690436531
