idx,S1,S2,ntaxa_S1,ntaxa_S2,bl_S1_b,bl_S2_b,maxBL_S1_b,maxBL_S2_b,cumBL_S1,cumBL_S2,bl_S1_a,bl_S2_a,maxBL_S1_a,maxBL_S2_a,ll_rearrs,ll_orig,ntaxa,tbl,maxBL,target
16,N20,Sp009,9,1,1e-08,1e-08,1e-08,0,1.6000000000000003e-07,0,1e-06,0.001558,1e-06,0,-905.383288,-897.05178,20,0.0046744399999999985,0.00311719,0.00928765561336937
17,Sp010,Sp009,1,1,1e-08,1e-08,0.0,0,0.0,0,1e-06,0.001558,0.0,0,-905.383288,-897.05178,20,0.0046744399999999985,0.00311719,0.00928765561336937
20,N16,Sp007,11,1,8e-08,1e-08,0.00155683,0,0.0015570199999999999,0,1e-06,0.003122,0.001559,0,-912.238783,-897.05178,20,0.0046744399999999985,0.00311719,0.016929906766363034
21,Sp008,Sp007,1,1,1e-08,1e-08,0.0,0,0.0,0,1e-06,0.003122,0.0,0,-912.238783,-897.05178,20,0.0046744399999999985,0.00311719,0.016929906766363034
