idx,S1,S2,ntaxa_S1,ntaxa_S2,bl_S1_b,bl_S2_b,maxBL_S1_b,maxBL_S2_b,cumBL_S1,cumBL_S2,bl_S1_a,bl_S2_a,maxBL_S1_a,maxBL_S2_a,ll_rearrs,ll_orig,ntaxa,tbl,maxBL,target
4,N10,Sp000,3,1,1.9e-07,0.289176,0.00370505,0,0.00740966,0,1e-06,0.294286,0.003709,0,-634.060282,-633.33262,9,0.32262918999999995,0.289176,0.0011489412940707353
5,Sp008,Sp000,1,1,0.0112114,0.289176,0.0,0,0.0,0,0.011223,0.294286,0.0,0,-634.060335,-633.33262,9,0.32262918999999995,0.289176,0.001149024978375485
6,N8,Sp006,4,1,0.004055,2.2e-07,0.0112114,0,0.01862125,0,0.007438,1e-06,0.011222,0,-633.785441,-633.33262,9,0.32262918999999995,0.289176,0.0007149813316105078
7,Sp000,Sp006,1,1,0.289176,2.2e-07,0.0,0,0.0,0,0.293764,1e-06,0.0,0,-633.785384,-633.33262,9,0.32262918999999995,0.289176,0.0007148913315091869
8,N6,Sp004,5,1,0.00337946,0.00369563,0.289176,0,0.31185225,0,0.003477,0.003705,0.297405,0,-636.616919,-633.33262,9,0.32262918999999995,0.289176,0.005185741103940032
9,Sp006,Sp004,1,1,2.2e-07,0.00369563,0.0,0,0.0,0,1e-06,0.007446,0.0,0,-639.20187,-633.33262,9,0.32262918999999995,0.289176,0.009267247279952144
