idx,S1,S2,ntaxa_S1,ntaxa_S2,bl_S1_b,bl_S2_b,maxBL_S1_b,maxBL_S2_b,cumBL_S1,cumBL_S2,bl_S1_a,bl_S2_a,maxBL_S1_a,maxBL_S2_a,ll_rearrs,ll_orig,ntaxa,tbl,maxBL,target
10,N24,Sp018,6,1,1e-08,1e-08,1e-08,0.0,9.999999999999998e-08,0.0,1e-06,0.000232,1e-06,0.0,-6149.807221,-6140.12444,19,0.012642509999999997,0.00844385,0.0015769682022927262
11,Sp016,Sp018,1,1,1e-08,1e-08,0.0,0.0,0.0,0.0,1e-06,0.000232,0.0,0.0,-6149.807221,-6140.12444,19,0.012642509999999997,0.00844385,0.0015769682022927262
16,N18,Sp008,9,1,3e-08,1e-08,0.00023235,0.0,0.00023250999999999998,0.0,1e-06,0.00374,0.000233,0.0,-6254.862074,-6140.12444,19,0.012642509999999997,0.00844385,0.018686532353080466
17,Sp011,Sp008,1,1,1e-08,1e-08,0.0,0.0,0.0,0.0,1e-06,0.00374,0.0,0.0,-6254.862074,-6140.12444,19,0.012642509999999997,0.00844385,0.018686532353080466
20,N10,N9,11,3,2e-08,1e-08,0.00373359,1e-08,0.00396615,4e-08,1e-06,0.008478,0.003745,1e-06,-6367.366837,-6140.12444,19,0.012642509999999997,0.00844385,0.03700941230435388
21,Sp007,N9,1,3,1e-08,1e-08,0.0,1e-08,0.0,4e-08,1e-06,0.008478,0.0,1e-06,-6367.366837,-6140.12444,19,0.012642509999999997,0.00844385,0.03700941230435388
