idx,S1,S2,ntaxa_S1,ntaxa_S2,bl_S1_b,bl_S2_b,maxBL_S1_b,maxBL_S2_b,cumBL_S1,cumBL_S2,bl_S1_a,bl_S2_a,maxBL_S1_a,maxBL_S2_a,ll_rearrs,ll_orig,ntaxa,tbl,maxBL,target
36,N28,Sp016,7,1,1e-08,1e-08,1e-08,0.0,1.2e-07,0.0,1e-06,0.024483,1e-06,0,-839.956798,-776.80716,34,0.030118450000000067,0.0242062,0.08129384131835254
37,N29,Sp016,13,1,1e-08,1e-08,1e-08,0.0,2.400000000000001e-07,0.0,1e-06,0.024483,1e-06,0,-839.956798,-776.80716,34,0.030118450000000067,0.0242062,0.08129384131835254
52,N12,Sp026,27,1,2.4e-07,1e-08,0.0242062,0.0,0.024207920000000015,0.0,1e-06,0.003949,0.024236,0,-790.48416,-776.80716,34,0.030118450000000067,0.0242062,0.017606686323540094
53,Sp001,Sp026,1,1,1e-08,1e-08,0.0,0.0,0.0,0.0,1e-06,0.003949,0.0,0,-790.48416,-776.80716,34,0.030118450000000067,0.0242062,0.017606686323540094
60,N4,Sp011,31,1,2.8e-07,1e-08,0.0242062,0.0,0.02815001000000002,0.0,1e-06,0.00197,0.024221,0,-784.425208,-776.80716,34,0.030118450000000067,0.0242062,0.009806871502059849
61,Sp002,Sp011,1,1,1e-08,1e-08,0.0,0.0,0.0,0.0,0.00197,1e-06,0.0,0,-785.098709,-776.80716,34,0.030118450000000067,0.0242062,0.010673883335472902
