idx,S1,S2,ntaxa_S1,ntaxa_S2,bl_S1_b,bl_S2_b,maxBL_S1_b,maxBL_S2_b,cumBL_S1,cumBL_S2,bl_S1_a,bl_S2_a,maxBL_S1_a,maxBL_S2_a,ll_rearrs,ll_orig,ntaxa,tbl,maxBL,target
0,Sp002,N7,1,2,1.87011,0.178019,0.0,1.31872,0.0,1.893525,1.887058,0.162538,0.0,1.321114,-12356.482481,-12356.59457,7,8.5470638,1.87011,-9.071188616346778e-06
1,Sp000,N7,1,2,1.71463,0.178019,0.0,1.31872,0.0,1.893525,1.740519,0.179077,0.0,1.319338,-12356.606683,-12356.59457,7,8.5470638,1.87011,9.80286269980087e-07
2,Sp006,N6,1,2,1.31872,0.0256998,0.0,1.87011,0.0,3.58474,1.358952,0.033391,0.0,1.901847,-12359.012782,-12356.59457,7,8.5470638,1.87011,0.00019570213996270125
3,Sp001,N6,1,2,0.574805,0.0256998,0.0,1.87011,0.0,3.58474,0.656622,0.030735,0.0,1.888381,-12359.000905,-12356.59457,7,8.5470638,1.87011,0.00019474095280618169
4,N6,Sp003,2,1,0.0256998,0.838106,1.87011,0.0,3.58474,0.0,0.060512,0.875839,1.860118,0.0,-12359.595765,-12356.59457,7,8.5470638,1.87011,0.0002428820483668855
5,N7,Sp003,2,1,0.178019,0.838106,1.31872,0.0,1.893525,0.0,0.224949,0.744785,1.326079,0.0,-12354.589871,-12356.59457,7,8.5470638,1.87011,-0.00016223717535139326
6,N4,Sp005,4,1,0.156159,0.984932,1.87011,0.0,5.6819838,0.0,0.223394,0.981166,1.913864,0.0,-12364.639521,-12356.59457,7,8.5470638,1.87011,0.0006510653849185776
7,Sp003,Sp005,1,1,0.838106,0.984932,0.0,0.0,0.0,0.0,0.91528,1.056755,0.0,0.0,-12367.226279,-12356.59457,7,8.5470638,1.87011,0.000860407690789934
