idx,S1,S2,ntaxa_S1,ntaxa_S2,bl_S1_b,bl_S2_b,maxBL_S1_b,maxBL_S2_b,cumBL_S1,cumBL_S2,bl_S1_a,bl_S2_a,maxBL_S1_a,maxBL_S2_a,ll_rearrs,ll_orig,ntaxa,tbl,maxBL,target
2,N8,N7,2,3,9e-08,2.1e-07,1.1e-07,0.00196683,1.2000000000000002e-07,0.00330007,1e-06,0.002447,1e-06,0.001973,-2100.386793,-2095.50549,9,0.23964741,0.228138,0.0023294155149171745
3,Sp005,N7,1,3,1e-08,2.1e-07,0.0,0.00196683,0.0,0.00330007,1e-06,0.002449,0.0,0.001973,-2100.3865,-2095.50549,9,0.23964741,0.228138,0.002329275691852308
4,Sp008,Sp000,1,1,1e-08,2.2e-07,0.0,0.0,0.0,0.0,1e-06,1e-06,0.0,0.0,-2095.508873,-2095.50549,9,0.23964741,0.228138,1.6144076053996082e-06
5,Sp006,Sp000,1,1,0.00133301,2.2e-07,0.0,0.0,0.0,0.0,0.003303,1e-06,0.0,0.0,-2095.509027,-2095.50549,9,0.23964741,0.228138,1.687898226432799e-06
8,N6,Sp001,3,1,0.00164326,1e-08,1.1e-07,0.0,2.2e-07,0.0,0.001643,1e-06,1e-06,0.0,-2095.507737,-2095.50549,9,0.23964741,0.228138,1.0722949716049301e-06
9,N7,Sp001,3,1,2.1e-07,1e-08,0.00196683,0.0,0.00330007,0.0,1e-06,1e-06,0.001969,0.0,-2095.507431,-2095.50549,9,0.23964741,0.228138,9.262681530784155e-07
10,N4,Sp004,6,1,0.00539022,7e-07,0.00196683,0.0,0.004943759999999999,0.0,0.006581,1e-06,0.001969,0.0,-2095.507563,-2095.50549,9,0.23964741,0.228138,9.892601140880139e-07
11,Sp001,Sp004,1,1,1e-08,7e-07,0.0,0.0,0.0,0.0,1e-06,1e-06,0.0,0.0,-2095.507975,-2095.50549,9,0.23964741,0.228138,1.1858713860867786e-06
