idx,S1,S2,ntaxa_S1,ntaxa_S2,bl_S1_b,bl_S2_b,maxBL_S1_b,maxBL_S2_b,cumBL_S1,cumBL_S2,bl_S1_a,bl_S2_a,maxBL_S1_a,maxBL_S2_a,ll_rearrs,ll_orig,ntaxa,tbl,maxBL,target
0,Sp004,Sp003,1,1,0.0220427,0.0226326,0.0,0,0.0,0,0.0229,0.023725,0.0,0,-1358.724625,-1358.10564,7,0.2033493,0.0342964,0.0004557708780298314
1,Sp006,Sp003,1,1,0.0216173,0.0226326,0.0,0,0.0,0,0.022416,0.023724,0.0,0,-1358.724858,-1358.10564,7,0.2033493,0.0342964,0.0004559424405306543
2,N8,Sp005,2,1,0.00198445,0.022961,0.0220427,0,0.04366,0,0.001662,0.031689,0.02211,0,-1363.259582,-1358.10564,7,0.2033493,0.0342964,0.0037949492647714176
3,Sp003,Sp005,1,1,0.0226326,0.022961,0.0,0,0.0,0,0.023262,0.035333,0.0,0,-1367.096126,-1358.10564,7,0.2033493,0.0342964,0.0066198723686913775
4,N6,Sp001,3,1,0.0127931,0.015963,0.0226326,0,0.06827704999999999,0,0.028613,0.029052,0.028887,0,-1394.564802,-1358.10564,7,0.2033493,0.0342964,0.026845600906274202
5,Sp005,Sp001,1,1,0.022961,0.015963,0.0,0,0.0,0,0.043187,0.028798,0.0,0,-1394.560126,-1358.10564,7,0.2033493,0.0342964,0.0268421578751415
6,N4,Sp002,4,1,0.0342964,0.00891075,0.022961,0,0.10403114999999999,0,0.061528,0.009796,0.022915,0,-1386.95704,-1358.10564,7,0.2033493,0.0342964,0.0212438555221669
7,Sp001,Sp002,1,1,0.015963,0.00891075,0.0,0,0.0,0,0.044414,0.009796,0.0,0,-1386.95701,-1358.10564,7,0.2033493,0.0342964,0.021243833432574574
