idx,S1,S2,ntaxa_S1,ntaxa_S2,bl_S1_b,bl_S2_b,maxBL_S1_b,maxBL_S2_b,cumBL_S1,cumBL_S2,bl_S1_a,bl_S2_a,maxBL_S1_a,maxBL_S2_a,ll_rearrs,ll_orig,ntaxa,tbl,maxBL,target
0,Sp001,Sp002,1,1,0.00065576,0.0107778,0.0,0.0,0.0,0.0,0.000661,0.021638,0.0,0.0,-4747.940824,-4723.2073,7,0.39075536,0.0850446,0.005236595056922489
1,Sp000,Sp002,1,1,0.0006588,0.0107778,0.0,0.0,0.0,0.0,0.000661,0.021638,0.0,0.0,-4747.940832,-4723.2073,7,0.39075536,0.0850446,0.005236596750686805
2,N6,N5,2,2,0.0108078,0.0519274,0.0006588,0.0307651,0.00131456,0.0505397,0.009889,0.084316,0.000661,0.030598,-4760.709974,-4723.2073,7,0.39075536,0.0850446,0.007940086390025755
3,Sp002,N5,1,2,0.0107778,0.0519274,0.0,0.0307651,0.0,0.0505397,0.010693,0.084228,0.0,0.030542,-4761.011916,-4723.2073,7,0.39075536,0.0850446,0.008004013713308826
4,Sp006,N4,1,3,0.0197746,0.0322335,0.0,0.0108078,0.0,0.02290016,0.022687,0.079139,0.0,0.011546,-4794.191111,-4723.2073,7,0.39075536,0.0850446,0.015028730794856296
5,Sp005,N4,1,3,0.0307651,0.0322335,0.0,0.0108078,0.0,0.02290016,0.033184,0.079138,0.0,0.011546,-4794.19158,-4723.2073,7,0.39075536,0.0850446,0.015028830091789465
6,N4,Sp004,3,1,0.0322335,0.0850446,0.0108078,0.0,0.02290016,0.0,0.042116,0.14945,0.010964,0.0,-4842.803669,-4723.2073,7,0.39075536,0.0850446,0.025321007824492453
7,N5,Sp004,2,1,0.0519274,0.0850446,0.0307651,0.0,0.0505397,0.0,0.05651,0.148847,0.031576,0.0,-4841.624457,-4723.2073,7,0.39075536,0.0850446,0.025071344423099926
