idx,S1,S2,ntaxa_S1,ntaxa_S2,bl_S1_b,bl_S2_b,maxBL_S1_b,maxBL_S2_b,cumBL_S1,cumBL_S2,bl_S1_a,bl_S2_a,maxBL_S1_a,maxBL_S2_a,ll_rearrs,ll_orig,ntaxa,tbl,maxBL,target
0,Sp005,Sp002,1,1,0.00106775,0.00214006,0.0,0.0,0.0,0.0,0.00206,0.002223,0.0,0.0,-1799.095668,-1794.22431,8,0.07306945000000001,0.0190159,0.002715021735492968
1,Sp003,Sp002,1,1,0.00330046,0.00214006,0.0,0.0,0.0,0.0,0.00432,0.002223,0.0,0.0,-1799.095781,-1794.22431,8,0.07306945000000001,0.0190159,0.0027150847153553106
4,N6,N5,3,2,8e-08,0.0190159,0.00330046,0.00315153,0.00760652,0.00416364,0.001089,0.029508,0.00369,0.003177,-1819.792392,-1794.22431,8,0.07306945000000001,0.0190159,0.014250214902059823
5,Sp004,N5,1,2,0.0072963,0.0190159,0.0,0.00315153,0.0,0.00416364,0.006453,0.029469,0.0,0.003176,-1818.732398,-1794.22431,8,0.07306945000000001,0.0190159,0.013659433697005277
6,Sp007,N4,1,4,0.00101211,0.0123113,0.0,0.0072963,0.0,0.0149029,0.001103,0.031477,0.0,0.007345,-1846.760161,-1794.22431,8,0.07306945000000001,0.0190159,0.029280536835441642
7,Sp006,N4,1,4,0.00315153,0.0123113,0.0,0.0072963,0.0,0.0149029,0.003206,0.031477,0.0,0.007345,-1846.76016,-1794.22431,8,0.07306945000000001,0.0190159,0.029280536278097794
8,N4,Sp001,4,1,0.0123113,0.00312833,0.0072963,0.0,0.0149029,0.0,0.030055,0.003174,0.006432,0.0,-1841.048395,-1794.22431,8,0.07306945000000001,0.0190159,0.0260971188156513
9,N5,Sp001,2,1,0.0190159,0.00312833,0.00315153,0.0,0.00416364,0.0,0.037025,0.003174,0.003194,0.0,-1841.048396,-1794.22431,8,0.07306945000000001,0.0190159,0.026097119372995147
