idx,S1,S2,ntaxa_S1,ntaxa_S2,bl_S1_b,bl_S2_b,maxBL_S1_b,maxBL_S2_b,cumBL_S1,cumBL_S2,bl_S1_a,bl_S2_a,maxBL_S1_a,maxBL_S2_a,ll_rearrs,ll_orig,ntaxa,tbl,maxBL,target
10,Sp012,N16,1,5,1e-08,2.3e-07,0.0,0.00404201,0.0,0.004042930000000001,1e-06,0.004047,0.0,0.004048,-411.780139,-404.90327,16,0.036799720000000015,0.0122445,0.016983979902162803
11,N21,N16,2,5,1e-08,2.3e-07,1e-08,0.00404201,2e-08,0.004042930000000001,1e-06,0.004047,1e-06,0.004048,-411.780139,-404.90327,16,0.036799720000000015,0.0122445,0.016983979902162803
14,N12,N11,8,2,2.1e-07,0.00404378,0.00404201,1e-08,0.008082410000000002,2e-08,1e-06,0.016476,0.004059,1e-06,-419.640987,-404.90327,16,0.036799720000000015,0.0122445,0.036398117999886674
15,Sp006,N11,1,2,1e-08,0.00404378,0.0,1e-08,0.0,2e-08,1e-06,0.016476,0.0,1e-06,-419.640987,-404.90327,16,0.036799720000000015,0.0122445,0.036398117999886674
16,Sp010,N10,1,9,1e-08,0.0122445,0.0,0.00404201,0.0,0.008082630000000002,1e-06,0.016414,0.0,0.004048,-408.961728,-404.90327,16,0.036799720000000015,0.0122445,0.010023277905362367
17,Sp009,N10,1,9,1e-08,0.0122445,0.0,0.00404201,0.0,0.008082630000000002,1e-06,0.016414,0.0,0.004048,-408.961728,-404.90327,16,0.036799720000000015,0.0122445,0.010023277905362367
20,N8,Sp001,11,1,6.5e-07,1e-08,0.0122445,0.0,0.024370930000000002,0.0,0.008188,1e-06,0.012339,0.0,-410.277709,-404.90327,16,0.036799720000000015,0.0122445,0.013273389962990408
21,Sp013,Sp001,1,1,0.00432516,1e-08,0.0,0.0,0.0,0.0,0.008705,1e-06,0.0,0.0,-410.2776,-404.90327,16,0.036799720000000015,0.0122445,0.013273120762892297
