idx,S1,S2,ntaxa_S1,ntaxa_S2,bl_S1_b,bl_S2_b,maxBL_S1_b,maxBL_S2_b,cumBL_S1,cumBL_S2,bl_S1_a,bl_S2_a,maxBL_S1_a,maxBL_S2_a,ll_rearrs,ll_orig,ntaxa,tbl,maxBL,target
18,N10,Sp014,10,1,1e-08,1e-08,1e-08,0,1.8000000000000005e-07,0,1e-06,0.017417,1e-06,0,-272.907316,-255.92168,16,0.017274480000000036,0.0172742,0.06637044583327201
19,Sp015,Sp014,1,1,1e-08,1e-08,0.0,0,0.0,0,1e-06,0.017417,0.0,0,-272.907316,-255.92168,16,0.017274480000000036,0.0172742,0.06637044583327201
