idx,S1,S2,ntaxa_S1,ntaxa_S2,bl_S1_b,bl_S2_b,maxBL_S1_b,maxBL_S2_b,cumBL_S1,cumBL_S2,bl_S1_a,bl_S2_a,maxBL_S1_a,maxBL_S2_a,ll_rearrs,ll_orig,ntaxa,tbl,maxBL,target
28,N16,Sp020,3,1,1e-08,1e-08,1e-08,0.0,4e-08,0.0,1e-06,0.00569,1e-06,0,-518.04926,-503.71706,24,0.01711393,0.0114372,0.028452877891409913
29,N17,Sp020,13,1,1e-08,1e-08,0.0114372,0.0,0.011438480000000001,0.0,1e-06,0.00569,0.011462,0,-518.04926,-503.71706,24,0.01711393,0.0114372,0.028452877891409913
