idx,S1,S2,ntaxa_S1,ntaxa_S2,bl_S1_b,bl_S2_b,maxBL_S1_b,maxBL_S2_b,cumBL_S1,cumBL_S2,bl_S1_a,bl_S2_a,maxBL_S1_a,maxBL_S2_a,ll_rearrs,ll_orig,ntaxa,tbl,maxBL,target
30,N28,N24,8,9,1.2e-07,1.1e-07,0.00074253,0.00148405,0.0007432000000000003,0.003028849999999999,1e-06,0.001485,0.000743,0.001484,-2283.303963,-2267.1918,30,0.05699250000000004,0.0509937,0.007106660759799759
31,Sp028,N24,1,9,1e-08,1.1e-07,0.0,0.00148405,0.0,0.003028849999999999,1e-06,0.001485,0.0,0.001484,-2283.303963,-2267.1918,30,0.05699250000000004,0.0509937,0.007106660759799759
42,N12,N11,22,2,1e-07,1.1e-07,0.00148425,1.2e-07,0.005257,1.3e-07,1e-06,0.052406,0.001509,1e-06,-2556.411576,-2267.1918,30,0.05699250000000004,0.0509937,0.12756740563370064
43,Sp008,N11,1,2,1e-08,1.1e-07,0.0,1.2e-07,0.0,1.3e-07,1e-06,0.052405,0.0,1e-06,-2556.411576,-2267.1918,30,0.05699250000000004,0.0509937,0.12756740563370064
46,N10,Sp001,23,1,0.0509937,1e-08,0.00148425,0.0,0.005257110000000001,0.0,0.051843,1e-06,0.001485,0.0,-2270.588623,-2267.1918,30,0.05699250000000004,0.0509937,0.0014982512727860255
47,N11,Sp001,2,1,1.1e-07,1e-08,1.2e-07,0.0,1.3e-07,0.0,0.000744,1e-06,1e-06,0.0,-2270.588606,-2267.1918,30,0.05699250000000004,0.0509937,0.001498243774523065
