idx,S1,S2,ntaxa_S1,ntaxa_S2,bl_S1_b,bl_S2_b,maxBL_S1_b,maxBL_S2_b,cumBL_S1,cumBL_S2,bl_S1_a,bl_S2_a,maxBL_S1_a,maxBL_S2_a,ll_rearrs,ll_orig,ntaxa,tbl,maxBL,target
4,Sp021,Sp012,1,1,1e-08,1e-08,0.0,0.0,0.0,0.0,1e-06,0.003497,0.0,0,-468.858716,-461.50638,22,0.03149015000000002,0.00701253,0.015931168708870368
5,N33,Sp012,3,1,1e-08,1e-08,1e-08,0.0,4e-08,0.0,1e-06,0.003497,1e-06,0,-468.858716,-461.50638,22,0.03149015000000002,0.00701253,0.015931168708870368
36,N4,Sp007,19,1,1.5e-07,0.00206136,0.00700715,0.0,0.017479010000000007,0.0,1e-06,0.007003,0.007008,0,-461.515043,-461.50638,22,0.03149015000000002,0.00701253,1.8771138115171332e-05
37,Sp015,Sp007,1,1,0.00701253,0.00206136,0.0,0.0,0.0,0.0,0.006994,0.007003,0.0,0,-461.514762,-461.50638,22,0.03149015000000002,0.00701253,1.8162262458950362e-05
