idx,S1,S2,ntaxa_S1,ntaxa_S2,bl_S1_b,bl_S2_b,maxBL_S1_b,maxBL_S2_b,cumBL_S1,cumBL_S2,bl_S1_a,bl_S2_a,maxBL_S1_a,maxBL_S2_a,ll_rearrs,ll_orig,ntaxa,tbl,maxBL,target
0,Sp006,Sp003,1,1,0.00756815,0.0220381,0.0,0.0,0.0,0.0,0.007916,0.033256,0.0,0.0,-6157.220844,-6106.25434,7,0.19812538999999998,0.0576227,0.008346606800528388
1,Sp005,Sp003,1,1,0.00389625,0.0220381,0.0,0.0,0.0,0.0,0.004121,0.03314,0.0,0.0,-6157.11738,-6106.25434,7,0.19812538999999998,0.0576227,0.008329662861701118
2,Sp003,N5,1,2,0.0220381,0.0224461,0.0,0.0576227,0.0,0.09272359999999999,0.020335,0.025165,0.0,0.058483,-6111.059741,-6106.25434,7,0.19812538999999998,0.0576227,0.0007869637804834083
3,N7,N5,2,2,0.0118919,0.0224461,0.00756815,0.0576227,0.0114644,0.09272359999999999,0.012327,0.025798,0.00764,0.058103,-6120.833143,-6106.25434,7,0.19812538999999998,0.0576227,0.0023875197769766374
4,Sp004,N4,1,3,0.0576227,0.00714869,0.0,0.0220381,0.0,0.0453944,0.074606,0.007359,0.0,0.022937,-6168.423024,-6106.25434,7,0.19812538999999998,0.0576227,0.0101811487924362
5,Sp000,N4,1,3,0.0351009,0.00714869,0.0,0.0220381,0.0,0.0453944,0.052734,0.007235,0.0,0.022573,-6168.779862,-6106.25434,7,0.19812538999999998,0.0576227,0.010239586908526955
6,N4,Sp002,3,1,0.00714869,0.00149741,0.0220381,0.0,0.0453944,0.0,0.030998,0.001632,0.021817,0.0,-6238.44893,-6106.25434,7,0.19812538999999998,0.0576227,0.021649047458445557
7,N5,Sp002,2,1,0.0224461,0.00149741,0.0576227,0.0,0.09272359999999999,0.0,0.045448,0.001632,0.056357,0.0,-6238.449507,-6106.25434,7,0.19812538999999998,0.0576227,0.02164914195172549
